Sequence,Family,CB_Domain,Between_CB_and_CAT_Domains,CAT_Domain,Total_Length
acanthothecis.fontana.1_tyr1446,Tangerine,0,0,209,603
acanthothecis.fontana.1_tyr2209,Tangerine,0,0,206,255
acarospora.sp..1_tyr498,Tangerine,10,0,202,329
agyrium.rufum.1_tyr287,Tangerine,0,0,217,259
buellia.spuria.2_tyr3704,Tangerine,9,13,160,267
byssoloma.meadii.1_tyr1250,Tangerine,8,6,250,584
calogaya.arnoldii.1_tyr1881,Tangerine,0,0,211,376
calogaya.arnoldii.2_tyr1401,Tangerine,0,0,212,256
caloplaca.aetnensis.1_tyr1915,Tangerine,8,6,251,462
caloplaca.sp..2_tyr2406,Tangerine,8,6,273,612
cladonia.rangiferina.1_tyr305,Tangerine,0,0,214,350
cyanodermella.asteris.1_tyr1869,Tangerine,0,3,251,582
cyanodermella.asteris.1_tyr2814,Tangerine,8,6,253,579
cyanodermella.asteris.1_tyr3466,Tangerine,1,6,251,586
dibaeis.baeomyces.1_tyr3092,Tangerine,8,6,251,569
dibaeis.sorediata.1_tyr2623,Tangerine,8,6,250,573
fissurina.insidiosa.1_tyr1461,Tangerine,8,6,255,498
gallowayella.fulva.1_tyr2297,Tangerine,8,6,218,484
gomphillus.americanus.1_tyr1053,Tangerine,8,6,255,332
gomphillus.americanus.2_tyr1205,Tangerine,8,6,255,332
gomphillus.calycioides.1_tyr105,Tangerine,8,6,255,622
gomphillus.calycioides.1_tyr2843,Tangerine,8,6,272,635
gyalolechia.marmorata.1_tyr2081,Tangerine,8,6,197,242
gyalolechia.marmorata.1_tyr3049,Tangerine,8,6,251,304
icmadophila.ericetorum.1_tyr1628,Tangerine,8,6,181,208
icmadophila.ericetorum.1_tyr3276,Tangerine,0,0,158,217
icmadophila.ericetorum.1_tyr3921,Tangerine,8,6,254,580
ionaspis.lacustris.1_tyr4127,Tangerine,0,0,228,506
kuettlingeria.erythrocarpa.1_tyr701,Tangerine,8,6,231,565
lecanorales.sp..3_tyr2207,Tangerine,0,0,210,337
lecanorales.sp..6_tyr1295,Tangerine,8,6,250,585
letharia.columbiana.1_tyr1459,Tangerine,7,6,200,344
leucodecton.sp..1_tyr2657,Tangerine,0,0,208,427
nadvornikia.sorediata.1_tyr2598,Tangerine,8,6,258,524
nadvornikia.sorediata.1_tyr3603,Tangerine,8,6,258,442
nadvornikia.sorediata.1_tyr4112,Tangerine,0,0,212,512
OZ2100_002162-T1,Tangerine,0,0,213,357
pertusaria.obruta.1_tyr2146,Tangerine,0,0,208,246
pertusaria.plittiana.1_tyr1206,Tangerine,8,6,247,561
phlyctis.petraea.1_tyr16,Tangerine,0,0,212,537
polycauliona.sp..2_tyr3658,Tangerine,8,6,252,589
porina.heterospora.1_tyr2130,Tangerine,69,35,256,520
pseudosagedia.sp..1_tyr1320,Tangerine,0,0,213,539
scaffold_008752-T1,Tangerine,0,0,213,357
squamulea.sp..1_tyr2986,Tangerine,8,6,252,586
stictis.urceolata.1_tyr128,Tangerine,2,1,270,482
stictis.urceolata.1_tyr1442,Tangerine,89,6,259,539
stictis.urceolata.2_tyr224,Tangerine,2,1,270,482
stictis.urceolata.2_tyr3715,Tangerine,0,3,268,275
teloschistales.sp..1_tyr3330,Tangerine,8,6,250,564
teloschistes.chrysophthalmus.1_tyr1428,Tangerine,8,6,250,295
teloschistes.chrysophthalmus.1_tyr2102,Tangerine,8,6,251,540
teloschistes.chrysophthalmus.1_tyr980,Tangerine,0,0,227,250
teloschistes.chrysophthalmus.2_tyr2422,Tangerine,8,6,251,540
teloschistes.chrysophthalmus.2_tyr3795,Tangerine,8,6,250,303
teloschistes.exilis.1_tyr3101,Tangerine,0,0,218,272
teloschistes.exilis.1_tyr3137,Tangerine,0,0,192,453
teloschistes.exilis.1_tyr919,Tangerine,8,6,272,638
teloschistes.exilis.2_tyr1555,Tangerine,8,6,245,543
teloschistes.exilis.2_tyr2659,Tangerine,8,6,272,638
teloschistes.exilis.2_tyr4051,Tangerine,0,0,214,249
teloschistes.exilis.2_tyr4052,Tangerine,3,6,234,504
teloschistes.exilis.3_tyr1984,Tangerine,8,6,250,447
teloschistes.exilis.3_tyr2312,Tangerine,8,6,272,638
teloschistes.exilis.3_tyr394,Tangerine,8,6,251,539
teloschistes.exilis.3_tyr4193,Tangerine,0,0,232,349
teloschistes.exilis.3_tyr560,Tangerine,0,0,212,537
teloschistes.flavicans.2_tyr4102,Tangerine,8,6,230,442
teloschistes.hypoglaucus.1_tyr3519,Tangerine,0,0,212,526
teloschistes.peruensis.1_tyr1536,Tangerine,8,6,236,256
teloschistes.peruensis.1_tyr2728,Tangerine,8,6,251,313
teloschistes.peruensis.1_tyr3340,Tangerine,0,0,188,507
teloschistes.peruensis.1_tyr3348,Tangerine,8,6,270,605
teloschistes.peruensis.1_tyr4017,Tangerine,8,6,251,440
teloschistes.peruensis.1_tyr623,Tangerine,8,6,272,648
umbilicaria.iberica.1_tyr757,Tangerine,109,29,174,512
umbilicaria.spodochroa.4_tyr3267,Tangerine,0,0,226,547
variospora.aurantia.1_tyr2779,Tangerine,8,6,251,431
xanthocarpia.lactea.1_tyr1907,Tangerine,8,6,251,304
xanthocarpia.ochracea.1_tyr156,Tangerine,8,6,251,588
xanthoria.mediterranea.1_tyr2790,Tangerine,0,0,222,366
xanthoria.sp..2_tyr633,Tangerine,8,6,252,429
XpGTX0501_001716-T1,Tangerine,0,0,198,342
peltigera.hydrothyria.1_tyr3639,Other_Families,56,26,233,332
varicellaria.rhodocarpa.2_tyr915,Other_Families,56,26,245,623
varicellaria.rhodocarpa.1_tyr3309,Other_Families,0,13,245,554
lecanora.atra.1_tyr3919,Other_Families,0,5,242,332
brianaria.bauschiana.1_tyr1134,Other_Families,56,26,245,619
massalongia.carnosa.1_tyr1843,Other_Families,45,26,237,549
solorina.crocea.1_tyr1256,Other_Families,74,45,249,660
solorina.crocea.1_tyr1762,Other_Families,41,45,245,351
porpidia.crustulata.1_tyr1268,Other_Families,73,19,224,634
lepraria.neglecta.1_tyr3770,Other_Families,56,27,204,584
massalongia.carnosa.1_tyr1395,Other_Families,56,13,240,592
massalongia.carnosa.1_tyr3312,Other_Families,56,13,240,595
massalongia.carnosa.1_tyr2628,Other_Families,2,0,190,443
massalongia.carnosa.1_tyr2919,Other_Families,48,25,246,528
massalongia.carnosa.1_tyr2747,Other_Families,48,25,195,558
massalongia.carnosa.1_tyr2748,Other_Families,48,25,195,558
byssoloma.meadii.1_tyr551,Other_Families,12,26,240,557
umbilicaria.crustulosa.2_tyr14,Other_Families,56,45,228,626
umbilicaria.deusta.2_tyr63,Other_Families,73,45,246,682
umbilicaria.deusta.1_tyr3061,Other_Families,73,45,246,682
umbilicaria.deusta.3_tyr3703,Other_Families,73,45,246,682
umbilicaria.crustulosa.1_tyr451,Other_Families,73,45,246,682
umbilicaria.polyphylla.3_tyr509,Other_Families,56,45,245,643
umbilicaria.subpolyphylla.1_tyr1239,Other_Families,56,45,245,643
umbilicaria.iberica.2_tyr2886,Other_Families,56,45,245,643
umbilicaria.crustulosa.2_tyr2753,Other_Families,56,45,245,643
umbilicaria.spodochroa.2_tyr1540,Other_Families,56,45,246,601
umbilicaria.iberica.3_tyr1100,Other_Families,32,45,245,619
umbilicaria.nylanderiana.1_tyr722,Other_Families,56,45,228,524
umbilicaria.polyphylla.3_tyr3787,Other_Families,32,45,228,588
umbilicaria.iberica.1_tyr2631,Other_Families,32,45,228,511
umbilicaria.polyphylla.3_tyr779,Other_Families,32,45,228,412
umbilicaria.polyphylla.1_tyr2013,Other_Families,50,45,219,597
umbilicaria.subpolyphylla.1_tyr885,Other_Families,30,13,215,474
umbilicaria.iberica.2_tyr1990,Other_Families,30,13,215,474
umbilicaria.polyphylla.3_tyr3786,Other_Families,0,40,221,281
cladonia.squamosa.3_tyr2801,Other_Families,56,22,245,511
phyllopsora.corallina.1_tyr576,Other_Families,56,13,178,414
lecanoromycetes.sp..3_tyr3889,Other_Families,0,0,139,306
lecanorales.sp..5_tyr406,Other_Families,53,25,246,613
lecanora.strobilina.1_tyr2362,Other_Families,54,25,265,632
lecanora.albella.1_tyr2031,Other_Families,54,26,262,523
XpGTX0501_010572-T1,Other_Families,43,13,190,432
polycauliona.sp..2_tyr1999,Other_Families,57,26,245,588
gyalolechia.marmorata.1_tyr2287,Other_Families,26,13,120,209
flavoplaca.austrocitrina.1_tyr2357,Other_Families,0,10,210,245
stictis.urceolata.2_tyr149,Other_Families,55,26,217,599
stictis.urceolata.1_tyr1403,Other_Families,55,26,217,599
thelotrema.lepadinum.2_tyr561,Other_Families,55,28,245,625
thelotrema.lepadinum.1_tyr2650,Other_Families,55,28,245,625
stictis.urceolata.2_tyr1426,Other_Families,56,30,188,579
stictis.urceolata.1_tyr1760,Other_Families,56,30,244,635
trapelia.coarctata.1_tyr166,Other_Families,45,11,223,287
lambiella.insularis.1_tyr652,Other_Families,55,26,242,585
trapelia.coarctata.1_tyr3016,Other_Families,0,0,205,294
micareopsis.irriguata.1_tyr737,Other_Families,40,26,170,401
peltigera.hydrothyria.1_tyr298,Other_Families,46,13,230,424
solorina.crocea.1_tyr3472,Other_Families,56,26,176,435
ramalina.siliquosa.1_tyr3935,Other_Families,45,16,175,266
porina.heterospora.1_tyr569,Other_Families,4,9,241,549
mycosphaerellales.sp..2_tyr758,Other_Families,73,30,245,693
mycosphaerellales.sp..1_tyr2339,Other_Families,4,9,234,282
buellia.spuria.2_tyr1900,Other_Families,35,13,232,425
lepraria.neglecta.1_tyr2382,Other_Families,28,9,202,424
heterodermia.speciosa.2_tyr3362,Other_Families,36,9,190,525
phyllopsora.corallina.1_tyr522,Other_Families,9,45,180,274
lecanoromycetes.sp..3_tyr978,Other_Families,9,45,180,274
ramalina.thrausta.1_tyr185,Other_Families,0,13,228,289
ramalina.petrina.1_tyr3342,Other_Families,0,13,228,504
circinaria.calcarea.1_tyr3668,Other_Families,56,32,246,622
nadvornikia.sorediata.1_tyr3380,Other_Families,56,30,228,608
thelotrema.lepadinum.1_tyr3674,Other_Families,0,12,214,246
xylographa.bjoerkii.1_tyr2039,Other_Families,52,0,169,260
teratosphaeriaceae.sp..1_tyr277,Other_Families,0,0,205,419
teratosphaeriaceae.sp..1_tyr2580,Other_Families,0,0,150,209
asptan1_tyr2879,Other_Families,0,0,161,173
exosid1_tyr5117,Other_Families,67,26,192,333
cladophialophora.endolichena.1_tyr430,Other_Families,72,47,245,700
elagra2_6724,Other_Families,20,16,165,244
umbilicaria.vellea.1_tyr4141,Other_Families,72,30,244,692
lepraria.sp..1_tyr911,Other_Families,0,0,215,518
lepraria.oxybapha.1_tyr2815,Other_Families,0,0,215,518
umbilicaria.crustulosa.1_tyr1108,Other_Families,34,0,213,506
umbilicaria.crustulosa.2_tyr1382,Other_Families,42,0,183,253
porpidia.macrocarpa.1_tyr578,Other_Families,0,14,187,229
nadvornikia.sorediata.1_tyr881,Other_Families,54,28,231,341
nadvornikia.sorediata.1_tyr3379,Other_Families,57,29,243,661
pseudosagedia.sp..1_tyr3004,Other_Families,53,45,241,659
umbilicaria.spodochroa.4_tyr1177,Other_Families,8,47,222,398
stictis.urceolata.2_tyr1764,Other_Families,53,28,247,648
stictis.urceolata.1_tyr2397,Other_Families,53,28,247,648
stictis.urceolata.2_tyr738,Other_Families,53,25,243,633
stictis.urceolata.1_tyr2464,Other_Families,53,25,243,633
acanthothecis.fontana.1_tyr2875,Other_Families,53,28,246,640
trapelia.coarctata.1_tyr3269,Other_Families,60,30,246,653
umbilicaria.crustulosa.1_tyr450,Other_Families,53,19,247,631
umbilicaria.crustulosa.2_tyr1386,Other_Families,53,28,247,640
umbilicaria.crustulosa.3_tyr2757,Other_Families,53,28,247,640
umbilicaria.mammulata.1_tyr3067,Other_Families,57,48,234,367
phlyctis.petraea.1_tyr2956,Other_Families,55,29,234,338
porina.heterospora.1_tyr1249,Other_Families,0,23,247,575
opegrapha.moroziana.1_tyr3182,Other_Families,55,28,231,342
cladonia.sp..8_tyr24,Other_Families,53,28,243,627
cladonia.subtenuis.1_tyr676,Other_Families,53,28,243,627
cladonia.petrophila.1_tyr211,Other_Families,53,28,243,627
cladonia.sp..3_tyr3641,Other_Families,53,28,243,627
cladonia.ochrochlora.1_tyr1069,Other_Families,53,28,245,629
cladonia.pyxidata.1_tyr2964,Other_Families,54,28,245,634
cladonia.rangiferina.2_tyr2351,Other_Families,0,0,198,410
parmeliaceae.sp..2_tyr3179,Other_Families,53,30,243,634
usnea.merrillii.1_tyr1195,Other_Families,53,20,220,300
usnea.merrillii.1_tyr2828,Other_Families,53,20,221,603
evernia.prunastri.1_tyr3751,Other_Families,53,30,243,635
platismatia.glauca.1_tyr3613,Other_Families,53,30,243,634
evernia.prunastri.1_tyr2325,Other_Families,53,30,243,634
imshaugia.aleurites.1_tyr2620,Other_Families,53,30,243,630
imshaugia.aleurites.2_tyr2746,Other_Families,53,30,243,630
imshaugia.aleurites.2_tyr183,Other_Families,53,30,243,631
imshaugia.aleurites.1_tyr890,Other_Families,53,30,243,631
usnea.halei.1_tyr3825,Other_Families,22,29,243,459
crespoa.crozalsiana.1_tyr3017,Other_Families,53,30,243,635
usnea.hakonensis.1_tyr792,Other_Families,27,30,243,604
parmeliaceae.sp..6_tyr3757,Other_Families,53,30,243,635
usnea.hakonensis.1_tyr2018,Other_Families,22,29,243,599
parmeliaceae.sp..3_tyr570,Other_Families,53,30,243,631
parmotrema.hypotropum.1_tyr1906,Other_Families,53,30,243,631
cetrelia.chicitae.1_tyr1584,Other_Families,0,0,212,517
bulbothrix.scortella.1_tyr2019,Other_Families,53,30,243,635
usnea.hakonensis.1_tyr4165,Other_Families,53,15,221,594
parmotrema.hypotropum.1_tyr1144,Other_Families,53,30,243,631
parmotrema.perlatum.1_tyr3500,Other_Families,0,9,243,557
parmeliaceae.sp..2_tyr1548,Other_Families,53,30,243,630
bulbothrix.scortella.1_tyr1565,Other_Families,53,30,243,635
parmeliaceae.sp..15_tyr1785,Other_Families,53,30,234,440
umbilicaria.subpolyphylla.1_tyr886,Other_Families,53,30,243,631
umbilicaria.iberica.2_tyr1991,Other_Families,53,30,243,631
evernia.prunastri.1_tyr3467,Other_Families,53,30,243,631
platismatia.glauca.1_tyr1012,Other_Families,53,30,243,631
bryoria.fremontii.1_tyr796,Other_Families,3,11,243,375
pseudephebe.minuscula.1_tyr3984,Other_Families,53,30,243,631
evernia.divaricata.1_tyr246,Other_Families,0,0,179,226
evernia.prunastri.1_tyr3163,Other_Families,53,28,243,590
pseudevernia.cladonia.1_tyr1027,Other_Families,53,30,243,630
usnea.hakonensis.1_tyr3823,Other_Families,0,0,210,217
pseudevernia.consocians.1_tyr3771,Other_Families,3,11,243,561
usnea.hakonensis.1_tyr1050,Other_Families,3,11,243,510
pseudevernia.consocians.1_tyr2995,Other_Families,0,0,242,522
parmeliaceae.sp..6_tyr1684,Other_Families,0,0,204,330
evernia.prunastri.1_tyr3749,Other_Families,72,30,242,400
platismatia.glauca.1_tyr3612,Other_Families,72,30,243,401
flavopunctelia.flaventior.1_tyr3604,Other_Families,72,29,237,394
platismatia.glauca.1_tyr3812,Other_Families,53,29,243,633
platismatia.glauca.2_tyr3893,Other_Families,53,29,243,633
usnea.hakonensis.1_tyr513,Other_Families,7,28,230,293
stereocaulon.dactylophyllum.1_tyr2235,Other_Families,3,11,243,383
platismatia.glauca.1_tyr1582,Other_Families,53,30,243,577
usnea.merrillii.1_tyr3933,Other_Families,3,11,198,218
platismatia.glauca.3_tyr2295,Other_Families,53,29,242,331
pseudevernia.furfuracea.4_tyr3413,Other_Families,0,16,223,264
platismatia.glauca.3_tyr1502,Other_Families,33,30,243,563
usnea.hakonensis.1_tyr2187,Other_Families,53,14,202,299
umbilicaria.freyi.1_tyr2107,Other_Families,23,15,209,274
umbilicaria.freyi.3_tyr3881,Other_Families,23,15,209,274
usnea.hakonensis.1_tyr1059,Other_Families,53,13,278,649
pseudevernia.furfuracea.2_tyr1279,Other_Families,0,0,181,228
pseudevernia.furfuracea.3_tyr1486,Other_Families,0,0,181,228
pseudevernia.furfuracea.1_tyr3916,Other_Families,0,0,181,228
ochrolechia.trochophora.1_tyr784,Other_Families,53,15,242,617
umbilicaria.hispanica.1_tyr1614,Other_Families,53,29,243,638
umbilicaria.hispanica.2_tyr2278,Other_Families,53,29,243,638
umbilicaria.hispanica.3_tyr2280,Other_Families,53,29,243,638
trapelia.coarctata.2_tyr1443,Other_Families,53,29,243,422
trapelia.coarctata.1_tyr2449,Other_Families,53,29,243,631
baeomycetales.sp..4_tyr2128,Other_Families,52,29,195,407
bryoria.fremontii.1_tyr2985,Other_Families,0,0,178,225
pseudevernia.furfuracea.1_tyr327,Other_Families,0,0,167,214
imshaugia.aleurites.1_tyr2162,Other_Families,0,0,182,229
fuscopannaria.leucosticta.1_tyr817,Other_Families,52,14,243,610
biatora.pontica.1_tyr1294,Other_Families,0,0,227,230
protoblastenia.rupestris.1_tyr3083,Other_Families,3,20,243,570
brianaria.bauschiana.1_tyr3821,Other_Families,53,29,243,629
cladonia.squamosa.1_tyr159,Other_Families,26,29,239,600
cladonia.squamosa.4_tyr3051,Other_Families,26,29,239,588
ochrolechia.trochophora.1_tyr1000,Other_Families,72,29,241,397
nephroma.helveticum.1_tyr1188,Other_Families,91,15,228,417
imshaugia.aleurites.1_tyr304,Other_Families,43,15,185,534
imshaugia.aleurites.2_tyr1162,Other_Families,43,15,185,534
umbilicaria.crustulosa.2_tyr2371,Other_Families,0,14,218,264
letrouitia.transgressa.2_tyr37,Other_Families,22,15,203,246
letrouitia.transgressa.1_tyr741,Other_Families,68,29,241,357
letrouitia.transgressa.1_tyr1835,Other_Families,68,29,242,641
letrouitia.subvulpina.1_tyr2785,Other_Families,68,29,243,651
letrouitia.transgressa.2_tyr670,Other_Families,68,21,178,286
letrouitia.sp..1_tyr120,Other_Families,68,29,243,629
phaeophyscia.rubropulchra.1_tyr537,Other_Families,33,24,230,294
lecanora.subimmergens.1_tyr531,Other_Families,0,13,243,555
lecanoromycetes.sp..5_tyr2729,Other_Families,0,13,243,555
xanthoria.aureola.1_tyr4090,Other_Families,53,30,243,333
umbilicaria.crustulosa.2_tyr1223,Other_Families,53,30,243,629
umbilicaria.crustulosa.1_tyr2611,Other_Families,53,30,243,629
stereocaulon.dactylophyllum.1_tyr2574,Other_Families,53,30,243,629
lecanora.strobilina.1_tyr1096,Other_Families,59,30,243,635
mycoblastus.sanguinarius.1_tyr1766,Other_Families,53,32,243,631
mycoblastus.sanguinarius.2_tyr3880,Other_Families,53,32,243,631
bacidia.gigantensis.1_tyr1202,Other_Families,53,30,243,629
psora.crenata.1_tyr1714,Other_Families,31,18,203,338
sticta.canariensis.1_tyr4091,Other_Families,90,29,243,709
byssoloma.subdiscordans.1_tyr3807,Other_Families,63,29,243,639
lecanoromycetes.sp..5_tyr214,Other_Families,93,30,228,698
lecanora.subimmergens.1_tyr3127,Other_Families,93,30,228,698
bacidia.rubella.1_tyr2101,Other_Families,59,28,149,264
dimelaena.oreina.1_tyr4064,Other_Families,91,0,221,659
niebla.homalea.1_tyr2552,Other_Families,53,29,249,493
wetmoreana.sp..1_tyr2867,Other_Families,42,30,219,330
fulgogasparrea.decipioides.1_tyr2952,Other_Families,42,30,219,330
porpidia.albocaerulescens.1_tyr665,Other_Families,0,0,212,219
lecanorales.sp..1_tyr3277,Other_Families,15,29,235,532
micareopsis.irriguata.1_tyr82,Other_Families,8,47,187,249
cladonia.uncialis.4_tyr103,Other_Families,57,29,204,327
cladonia.sp..9_tyr1278,Other_Families,57,29,199,322
flavocetraria.cucullata.1_tyr3192,Other_Families,9,28,213,278
cornicularia.normoerica.2_tyr176,Other_Families,0,0,198,284
letrouitia.subvulpina.1_tyr3600,Other_Families,0,14,217,238
cladonia.rangiferina.3_tyr774,Other_Families,18,13,190,227
solorina.crocea.1_tyr4188,Other_Families,55,26,161,266
cladonia.uncialis.1_tyr1299,Other_Families,20,14,170,210
lecanoromycetes.sp..2_tyr232,Other_Families,53,29,209,297
coniocarpon.cinnabarinum.2_tyr3740,Other_Families,55,29,242,630
ramalina.petrina.1_tyr473,Other_Families,53,17,243,613
ramalina.siliquosa.1_tyr1191,Other_Families,53,15,243,610
brianaria.bauschiana.1_tyr2644,Other_Families,68,48,243,674
letrouitia.transgressa.1_tyr1836,Other_Families,0,0,186,392
dermiscellum.oulocheilum.1_tyr3730,Other_Families,47,28,243,613
lecidella.sp..1_tyr1433,Other_Families,55,19,235,316
chrysothrix.sp..1_tyr3844,Other_Families,55,47,258,649
coniocarpon.cinnabarinum.2_tyr169,Other_Families,0,14,238,557
talpin1_KAF3392106.1,Other_Families,45,0,213,292
staele1_490642,Other_Families,72,25,239,429
cadsp.2_KAG4439199.1,Other_Families,33,25,247,346
icmadophila.ericetorum.1_tyr4094,Other_Families,20,30,422,579
sclcep1_KAF7870603.1,Other_Families,43,16,202,286
micareopsis.irriguata.1_tyr1039,Other_Families,24,30,236,403
cladophialophora.endolichena.1_tyr8,Other_Families,80,51,259,746
cladophialophora.endolichena.1_tyr428,Other_Families,80,51,282,769
melanina.sp..2_tyr2115,Other_Families,34,23,243,374
lecanorales.sp..6_tyr1531,Other_Families,0,0,265,455
chrysothrix.sp..1_tyr2503,Other_Families,41,47,242,516
gyalolechia.ehrenbergii.1_tyr1689,Other_Families,0,0,236,462
umbilicaria.muhlenbergii.1_tyr3052,Other_Families,60,24,218,663
oidmai1_137687,Other_Families,70,20,156,333
penfla1_2705,Other_Families,74,28,248,456
delstr1_295949,Other_Families,49,27,250,369
coniocarpon.cinnabarinum.1_tyr1809,Other_Families,0,0,189,462
coniocarpon.cinnabarinum.2_tyr2144,Other_Families,0,0,189,229
chaetothyriales.sp..1_tyr955,Other_Families,0,6,276,588
muellerella.sp..1_tyr1325,Other_Families,0,6,253,565
muellerella.sp..1_tyr3262,Other_Families,0,6,253,565
muellerella.sp..1_tyr3721,Other_Families,0,6,253,565
melanina.sp..2_tyr3167,Other_Families,0,6,241,286
umbilicaria.crustulosa.2_tyr346,Other_Families,100,22,252,495
umbilicaria.spodochroa.4_tyr3310,Other_Families,100,22,252,495
umbilicaria.crustulosa.2_tyr1292,Other_Families,100,22,217,460
umbilicaria.spodochroa.4_tyr2481,Other_Families,100,22,222,465
umbilicaria.spodochroa.4_tyr3385,Other_Families,100,22,252,495
umbilicaria.crustulosa.2_tyr1590,Other_Families,106,22,252,501
umbilicaria.spodochroa.4_tyr2105,Other_Families,92,22,252,487
lasallia.pustulata.7_tyr643,Other_Families,106,21,252,500
lasallia.pustulata.5_tyr879,Other_Families,106,21,252,500
lasallia.pustulata.4_tyr1888,Other_Families,106,21,252,500
lasallia.pustulata.6_tyr936,Other_Families,106,21,252,500
lasallia.pustulata.3_tyr851,Other_Families,106,19,202,448
lasallia.pustulata.2_tyr2792,Other_Families,106,19,202,448
umbilicaria.freyi.3_tyr814,Other_Families,91,22,252,486
umbilicaria.freyi.2_tyr1120,Other_Families,91,22,252,486
umbilicaria.freyi.1_tyr3453,Other_Families,91,22,252,486
lasallia.papulosa.1_tyr3891,Other_Families,0,0,179,300
umbilicaria.crustulosa.1_tyr1089,Other_Families,100,22,207,450
lasallia.papulosa.1_tyr2817,Other_Families,106,22,209,458
umbilicaria.spodochroa.4_tyr3266,Other_Families,89,22,252,484
umbilicaria.subpolyphylla.1_tyr1032,Other_Families,96,22,252,402
umbilicaria.iberica.1_tyr3830,Other_Families,96,22,252,402
umbilicaria.iberica.2_tyr3833,Other_Families,96,22,252,402
umbilicaria.polyphylla.4_tyr2901,Other_Families,96,22,252,402
umbilicaria.crustulosa.1_tyr345,Other_Families,92,22,222,457
umbilicaria.crustulosa.1_tyr2456,Other_Families,103,22,214,379
umbilicaria.crustulosa.1_tyr344,Other_Families,88,22,202,341
umbilicaria.grisea.2_tyr3937,Other_Families,106,22,211,368
umbilicaria.crustulosa.1_tyr3817,Other_Families,100,0,204,327
umbilicaria.hispanica.4_tyr4171,Other_Families,104,22,222,403
umbilicaria.freyi.2_tyr2199,Other_Families,67,0,211,399
umbilicaria.freyi.2_tyr4106,Other_Families,67,0,211,399
umbilicaria.deusta.1_tyr311,Other_Families,37,14,202,355
umbilicaria.deusta.2_tyr1092,Other_Families,37,14,202,355
umbilicaria.deusta.4_tyr1342,Other_Families,37,14,202,355
umbilicaria.deusta.3_tyr2068,Other_Families,37,14,202,355
umbilicaria.subpolyphylla.1_tyr946,Other_Families,36,18,180,317
umbilicaria.iberica.2_tyr1863,Other_Families,36,18,180,317
umbilicaria.crustulosa.2_tyr1385,Other_Families,61,45,244,379
umbilicaria.hispanica.1_tyr1613,Other_Families,61,45,222,449
umbilicaria.hispanica.2_tyr2277,Other_Families,61,45,222,449
umbilicaria.hispanica.3_tyr2279,Other_Families,61,45,222,449
endocarpon.pusillum.2_tyr309,Other_Families,0,14,287,583
endocarpon.pusillum.1_tyr2645,Other_Families,0,14,262,429
endocarpon.pusillum.1_tyr746,Other_Families,0,14,232,651
umbilicaria.crustulosa.1_tyr1022,Other_Families,0,14,232,526
umbilicaria.crustulosa.2_tyr2734,Other_Families,0,14,232,526
leprocaulales.sp..1_tyr1393,Other_Families,0,14,232,526
umbilicaria.spodochroa.2_tyr2686,Other_Families,0,14,274,439
umbilicaria.deusta.4_tyr2123,Other_Families,0,0,238,341
rhizocarpon.subgeminatum.1_tyr3275,Other_Families,0,0,164,382
dimelaena.oreina.1_tyr2942,Other_Families,0,16,179,401
porpidia.contraponenda.1_tyr415,Other_Families,0,0,184,420
endocarpon.pusillum.1_tyr3654,Other_Families,0,0,158,436
coniocarpon.cinnabarinum.1_tyr1072,Other_Families,43,24,209,527
arthonia.radiata.1_tyr3040,Other_Families,0,12,252,541
solorina.crocea.1_tyr791,Other_Families,60,24,231,551
opegrapha.moroziana.1_tyr4059,Other_Families,41,27,254,458
phaeophyscia.squarrosa.1_tyr25,Other_Families,54,22,281,669
placynthium.petersii.1_tyr1421,Other_Families,55,20,245,629
placynthium.petersii.1_tyr3666,Other_Families,0,0,201,466
porpidia.macrocarpa.1_tyr3690,Other_Families,41,21,235,603
talisl1_2669,Other_Families,39,23,170,293
talver1_KUL81284.1,Other_Families,17,16,255,365
acarospora.sp..1_tyr552,Other_Families,75,27,297,804
lambiella.insularis.1_tyr2509,Other_Families,75,19,289,696
porpidia.macrocarpa.1_tyr3848,Other_Families,0,0,171,325
muellerella.sp..1_tyr1323,Other_Families,74,27,287,738
muellerella.sp..1_tyr1324,Other_Families,58,13,287,708
muellerella.sp..1_tyr1790,Other_Families,74,27,288,739
blader3_11177,Other_Families,0,15,251,309
evernia.prunastri.1_tyr476,Other_Families,75,26,266,721
evernia.prunastri.2_tyr1283,Other_Families,75,26,266,721
hypogymnia.vittata.1_tyr872,Other_Families,76,24,271,716
parmeliaceae.sp..22_tyr2624,Other_Families,76,24,271,716
bryoria.tenuis.1_tyr1811,Other_Families,75,25,271,680
evernia.prunastri.2_tyr926,Other_Families,57,25,267,662
evernia.prunastri.1_tyr3609,Other_Families,0,6,264,582
parbra1_6508,Other_Families,4,30,224,290
fusfus39_tyr5762,Other_Families,13,29,250,330
crydep1_ODN97795.1,Other_Families,70,16,244,407
xanthoria.aureola.1_tyr3071,Other_Families,100,21,302,795
XcGTX0491_008785-T1,Other_Families,100,14,261,721
baeomycetales.sp..2_tyr3980,Other_Families,46,37,291,611
fuscopannaria.leucosticta.1_tyr3928,Other_Families,15,18,295,566
icmadophila.ericetorum.1_tyr1831,Other_Families,98,27,202,389
icmadophila.ericetorum.2_tyr2179,Other_Families,98,27,203,390
lecidea.sp..1_tyr76,Other_Families,71,16,265,440
rutsp.2_PQE09269.1,Other_Families,69,3,186,329
acarospora.sp..1_tyr189,Other_Families,71,3,308,698
variospora.velana.1_tyr1530,Other_Families,71,3,289,660
icmadophila.ericetorum.1_tyr1705,Other_Families,0,0,280,286
hypocenomyce.scalaris.3_tyr680,Other_Families,0,0,356,604
solorina.crocea.1_tyr419,Other_Families,10,3,295,397
leprocaulales.sp..1_tyr2957,Other_Families,73,3,410,799
umbilicaria.spodochroa.1_tyr1538,Other_Families,53,4,318,583
umbilicaria.spodochroa.3_tyr3907,Other_Families,53,4,318,583
ptychographa.xylographoides.2_tyr773,Other_Families,44,3,167,429
ptychographa.xylographoides.1_tyr2152,Other_Families,44,3,167,429
umbilicaria.crustulosa.2_tyr13,Other_Families,70,3,310,701
pertusaria.obruta.1_tyr2294,Other_Families,0,0,302,477
porpidia.subsimplex.1_tyr2738,Other_Families,58,3,304,653
rhizocarpon.geographicum.1_tyr2823,Other_Families,58,3,309,658
lobaria.immixta.1_tyr2979,Other_Families,0,0,245,258
stictis.urceolata.2_tyr390,Other_Families,47,3,288,486
stictis.urceolata.1_tyr4160,Other_Families,47,3,293,616
xylographa.bjoerkii.1_tyr163,Other_Families,3,0,304,598
parmotrema.neotropicum.1_tyr221,Other_Families,60,3,315,633
pertusaria.epixantha.1_tyr913,Other_Families,60,3,237,451
rinodina.dolichospora.1_tyr2026,Other_Families,60,3,284,539
phlyctis.petraea.1_tyr3242,Other_Families,0,0,173,473
pertusaria.plittiana.1_tyr3953,Other_Families,0,0,247,554
ochrolechia.trochophora.1_tyr194,Other_Families,54,29,211,599
pertusaria.epixantha.1_tyr1834,Other_Families,54,28,222,605
pertusaria.propinqua.1_tyr3579,Other_Families,53,29,238,617
lepra.amara.1_tyr499,Other_Families,59,27,241,604
pertusariales.sp..1_tyr553,Other_Families,55,30,218,582
heterodermia.obscurata.1_tyr574,Other_Families,34,14,169,370
heterodermia.speciosa.2_tyr1845,Other_Families,60,29,253,634
physciaceae.sp..3_tyr908,Other_Families,53,29,241,607
mobergia.calculiformis.1_tyr1718,Other_Families,53,29,241,607
heterodermia.speciosa.3_tyr1655,Other_Families,60,29,149,330
heterodermia.speciosa.2_tyr2837,Other_Families,33,29,176,426
phaeophyscia.rubropulchra.1_tyr1929,Other_Families,52,24,239,594
phaeophyscia.hispidula.1_tyr3356,Other_Families,52,24,239,594
heterodermia.obscurata.1_tyr1364,Other_Families,2,0,158,391
tercla1_1272127,Other_Families,0,0,179,218
neopar1_6999,Other_Families,0,0,174,183
botryolepraria.lesdainii.1_tyr4168,Other_Families,74,28,294,625
punctelia.appalachensis.1_tyr2219,Other_Families,51,14,229,584
endocarpon.pusillum.2_tyr787,Other_Families,55,29,243,576
endocarpon.pusillum.2_tyr1873,Other_Families,73,29,278,709
botryolepraria.lesdainii.1_tyr1709,Other_Families,66,13,275,382
endocarpon.pusillum.2_tyr2473,Other_Families,56,15,217,505
endocarpon.pusillum.2_tyr3371,Other_Families,52,29,300,692
endocarpon.pusillum.2_tyr2477,Other_Families,61,29,280,395
endocarpon.pusillum.2_tyr2649,Other_Families,73,29,279,710
endocarpon.pusillum.2_tyr2775,Other_Families,91,22,277,612
endocarpon.pusillum.2_tyr2708,Other_Families,71,29,224,635
endocarpon.pusillum.1_tyr3655,Other_Families,61,0,221,302
umbilicaria.spodochroa.1_tyr1537,Other_Families,74,28,325,731
umbilicaria.grisea.2_tyr2583,Other_Families,74,28,325,731
umbilicaria.spodochroa.3_tyr3906,Other_Families,74,28,325,731
umbilicaria.grisea.3_tyr2972,Other_Families,74,24,325,727
umbilicaria.grisea.1_tyr3322,Other_Families,74,24,325,727
leprocaulon.nicholsiae.1_tyr3801,Other_Families,37,29,261,562
lecidea.sp..1_tyr236,Other_Families,0,14,207,485
buellia.spuria.2_tyr1802,Other_Families,0,14,254,323
buellia.spuria.1_tyr2629,Other_Families,0,0,190,361
nephroma.helveticum.1_tyr2338,Other_Families,10,9,249,449
peltigera.extenuata.1_tyr2566,Other_Families,0,0,184,207
solorina.crocea.1_tyr2911,Other_Families,0,0,246,380
sticta.sp..1_tyr2883,Other_Families,0,0,207,486
solorina.crocea.1_tyr3630,Other_Families,34,26,216,560
lizemp1_118025,Other_Families,70,30,244,411
elsfaw1_KAF4556065.1,Other_Families,19,27,249,331
elsamp1_256687,Other_Families,31,30,245,342
neopar1_tyr8483,Other_Families,51,26,235,357
mycosphaerellales.sp..1_tyr2340,Other_Families,0,5,240,624
elsbat1_KAG8628150.1,Other_Families,4,4,105,152
sclcep1_KAF7877687.1,Other_Families,31,23,195,284
monfru2_RAL60102.1,Other_Families,77,24,195,353
aspnig5_tyr2095,Other_Families,0,0,155,198
emmcre2_KKZ61741.1,Other_Families,56,30,234,403
aspfis5_tyr1170,Other_Families,65,13,157,312
psesp.22_KFZ20555.1,Other_Families,0,0,170,201
bipmay2_EMD97612.1,Other_Families,51,30,231,381
hyspul1_118805,Other_Families,0,0,212,255
orboli16_KAF3107618.1,Other_Families,47,30,227,363
morimp1_644698,Other_Families,45,30,219,334
arthonia.rubella.1_tyr714,Other_Families,3,8,253,557
zascel1_66988,Other_Families,54,26,248,388
mycosphaerellales.sp..1_tyr1726,Other_Families,0,0,125,250
teratosphaeriaceae.sp..1_tyr2413,Other_Families,37,28,240,627
phachl1_4316,Other_Families,72,30,239,412
cladophialophora.endolichena.1_tyr5,Other_Families,82,50,252,608
cladophialophora.endolichena.1_tyr7,Other_Families,97,29,238,592
cladophialophora.endolichena.1_tyr969,Other_Families,97,29,238,591
lambiella.insularis.1_tyr2208,Other_Families,97,50,239,614
cladophialophora.sp..2_tyr403,Other_Families,95,50,239,1006
cladophialophora.sp..1_tyr3153,Other_Families,64,14,183,356
lambiella.insularis.1_tyr2292,Other_Families,99,29,159,665
chaetothyriales.sp..1_tyr954,Other_Families,89,13,152,438
chaetothyriales.sp..1_tyr3637,Other_Families,97,29,224,891
umbilicaria.spodochroa.3_tyr1175,Other_Families,70,29,217,486
umbilicaria.spodochroa.1_tyr3402,Other_Families,70,29,217,486
umbilicaria.spodochroa.4_tyr2480,Other_Families,97,50,222,568
umbilicaria.grisea.2_tyr2582,Other_Families,97,50,222,568
umbilicaria.grisea.3_tyr2971,Other_Families,97,50,222,568
umbilicaria.grisea.1_tyr3321,Other_Families,97,50,222,568
muellerella.sp..1_tyr1791,Other_Families,96,50,224,616
cladophialophora.sp..2_tyr3780,Other_Families,19,30,238,480
endocarpon.pusillum.2_tyr109,Other_Families,96,29,224,577
endocarpon.pusillum.2_tyr1208,Other_Families,96,30,238,693
endocarpon.pusillum.2_tyr1874,Other_Families,77,29,227,1221
gypsoplaca.macrophylla.1_tyr2626,Other_Families,96,30,238,679
gyalolechia.sp..2_tyr1934,Other_Families,39,18,221,331
endocarpon.pusillum.3_tyr187,Other_Families,83,29,178,524
endocarpon.pusillum.2_tyr350,Other_Families,96,30,238,791
sticta.canariensis.1_tyr1098,Other_Families,89,30,209,633
gyalecta.farlowii.1_tyr1367,Other_Families,96,30,238,966
phlyctis.petraea.1_tyr3429,Other_Families,77,30,238,642
umbilicaria.mammulata.1_tyr2778,Other_Families,68,14,238,634
melanina.sp..1_tyr579,Other_Families,0,14,241,837
cladophialophora.sp..2_tyr3779,Other_Families,90,30,224,982
dermiscellum.oulocheilum.1_tyr302,Other_Families,0,15,238,495
endocarpon.pusillum.3_tyr1094,Other_Families,0,13,231,645
melanina.sp..2_tyr361,Other_Families,0,23,238,552
melanina.sp..2_tyr580,Other_Families,0,23,238,552
melanina.sp..2_tyr4104,Other_Families,0,23,238,552
melanina.sp..2_tyr2558,Other_Families,98,30,238,725
umbilicaria.freyi.1_tyr3723,Other_Families,80,30,233,620
rhizocarpon.geographicum.1_tyr3008,Other_Families,42,18,220,449
botryolepraria.lesdainii.1_tyr1357,Other_Families,35,29,209,616
umbilicaria.polyphylla.2_tyr2880,Other_Families,49,29,217,354
puttea.exsequens.2_tyr3329,Other_Families,86,29,205,586
puttea.exsequens.1_tyr3752,Other_Families,86,29,205,586
gomame1_CAF9918205.1,Other_Families,53,29,239,364
gomphillus.americanus.2_tyr699,Other_Families,54,29,256,703
gomphillus.americanus.1_tyr3352,Other_Families,54,29,256,703
gomphillus.calycioides.1_tyr3850,Other_Families,54,29,221,578
gomphillus.americanus.1_tyr1052,Other_Families,54,15,226,319
gomphillus.americanus.2_tyr1204,Other_Families,54,15,226,319
peltigera.leucophlebia.1_tyr2605,Other_Families,0,3,171,215
gyalecta.farlowii.1_tyr3918,Other_Families,91,25,177,330
stictis.urceolata.1_tyr3,Other_Families,52,23,213,622
stictis.urceolata.2_tyr3841,Other_Families,52,23,213,622
stictis.urceolata.2_tyr519,Other_Families,49,29,212,573
stictis.urceolata.1_tyr1936,Other_Families,49,29,212,573
evernia.divaricata.1_tyr91,Other_Families,65,16,166,553
alectoria.sarmentosa.3_tyr1880,Other_Families,71,29,215,675
alectoria.sarmentosa.4_tyr2248,Other_Families,71,29,215,675
pseudevernia.cladonia.1_tyr2154,Other_Families,63,14,190,401
alectoria.sarmentosa.2_tyr3470,Other_Families,105,30,214,657
parmotrema.xanthinum.1_tyr3941,Other_Families,90,18,214,630
hypogymnia.vittata.1_tyr3028,Other_Families,51,29,214,585
parmeliaceae.sp..22_tyr4031,Other_Families,51,29,214,585
melanelia.culbersonii.1_tyr901,Other_Families,51,19,182,478
heterodermia.sp..3_tyr809,Other_Families,26,29,252,651
leucodermia.appalachiensis.1_tyr1199,Other_Families,26,29,252,651
pseudephebe.minuscula.1_tyr3983,Other_Families,7,0,165,520
cladonia.ochrochlora.1_tyr483,Other_Families,0,0,173,540
umbilicaria.deusta.1_tyr129,Other_Families,52,29,231,646
umbilicaria.deusta.3_tyr134,Other_Families,52,29,231,646
umbilicaria.deusta.2_tyr2074,Other_Families,52,29,231,646
umbilicaria.crustulosa.1_tyr445,Other_Families,4,0,218,228
umbilicaria.crustulosa.2_tyr1384,Other_Families,0,0,223,229
icmadophila.ericetorum.1_tyr760,Other_Families,40,16,205,550
umbilicaria.polyphylla.4_tyr1695,Other_Families,0,0,179,363
umbilicaria.iberica.1_tyr3829,Other_Families,0,0,179,410
umbilicaria.polyphylla.2_tyr4153,Other_Families,0,9,202,442
umbilicaria.iberica.2_tyr3683,Other_Families,0,0,173,395
umbilicaria.subpolyphylla.1_tyr3994,Other_Families,0,0,173,395
umbilicaria.deusta.1_tyr3545,Other_Families,52,25,214,597
umbilicaria.deusta.2_tyr3548,Other_Families,52,25,214,597
umbilicaria.deusta.3_tyr4087,Other_Families,52,25,214,597
umbilicaria.subpolyphylla.1_tyr996,Other_Families,0,0,167,395
umbilicaria.iberica.2_tyr2670,Other_Families,0,0,167,395
umbilicaria.crustulosa.2_tyr2752,Other_Families,0,9,145,219
umbilicaria.crustulosa.2_tyr1336,Other_Families,62,14,178,340
umbilicaria.crustulosa.2_tyr2366,Other_Families,74,30,208,473
micareopsis.irriguata.1_tyr332,Other_Families,42,29,238,651
lecanora.rugosella.1_tyr1097,Other_Families,52,28,262,694
polyblastidium.squamulosum.1_tyr1128,Other_Families,51,15,124,431
physciaceae.sp..4_tyr1550,Other_Families,51,15,124,431
xylographa.carneopallida.2_tyr322,Other_Families,63,15,210,602
xylographa.carneopallida.1_tyr2106,Other_Families,63,15,210,602
lignoscripta.atroalba.1_tyr1779,Other_Families,65,29,184,356
lignoscripta.atroalba.2_tyr2436,Other_Families,65,29,184,356
dibaeis.sorediata.1_tyr822,Other_Families,112,31,230,736
platismatia.glauca.2_tyr870,Other_Families,53,30,270,524
platismatia.glauca.1_tyr3810,Other_Families,53,30,270,524
platismatia.glauca.3_tyr3764,Other_Families,53,30,270,524
cetrelia.chicitae.1_tyr924,Other_Families,59,30,214,577
cladonia.sp..6_tyr1274,Other_Families,105,30,206,500
cladonia.sp..7_tyr3011,Other_Families,105,30,206,500
cladonia.sp..7_tyr4148,Other_Families,105,30,206,500
cladonia.pyxidata.1_tyr1813,Other_Families,105,30,213,666
cladonia.grayi.1_tyr2378,Other_Families,105,30,213,648
cladonia.diversa.1_tyr3620,Other_Families,103,30,213,646
cladonia.metacorallifera.1_tyr3646,Other_Families,105,30,214,651
cladonia.diversa.2_tyr3629,Other_Families,76,30,213,515
leprocaulales.sp..1_tyr3963,Other_Families,103,30,214,621
lepraria.neglecta.1_tyr2380,Other_Families,104,30,214,624
lecidella.sp..1_tyr3667,Other_Families,57,30,214,583
usnochroma.carphineum.1_tyr2193,Other_Families,72,15,187,520
circinaria.calcarea.1_tyr662,Other_Families,52,20,214,545
mycoblastus.sanguinarius.1_tyr374,Other_Families,55,15,216,797
mycoblastus.sanguinarius.2_tyr1893,Other_Families,55,15,216,797
bulbothrix.scortella.1_tyr3897,Other_Families,54,11,162,415
cladonia.petrophila.1_tyr686,Other_Families,54,29,201,614
cladonia.sp..3_tyr3587,Other_Families,54,29,201,614
stereocaulon.virgatum.1_tyr1566,Other_Families,53,29,248,691
baeomycetales.sp..4_tyr2003,Other_Families,33,29,244,656
byssoloma.meadii.1_tyr1150,Other_Families,54,29,228,641
psora.testacea.1_tyr1362,Other_Families,51,29,215,571
xanthoria.sp..2_tyr2313,Other_Families,60,29,245,600
stereocaulon.dactylophyllum.1_tyr3962,Other_Families,54,29,169,507
phlyctis.petraea.1_tyr2918,Other_Families,52,29,238,600
acanthothecis.fontana.1_tyr3987,Other_Families,45,30,244,675
fissurina.insidiosa.1_tyr3797,Other_Families,98,27,205,611
baeomycetales.sp..4_tyr3271,Other_Families,60,30,211,605
phlyctis.speirea.1_tyr1966,Other_Families,71,29,227,606
puttea.exsequens.1_tyr619,Other_Families,50,20,196,448
puttea.exsequens.2_tyr973,Other_Families,50,20,196,448
lecanorales.sp..4_tyr1332,Other_Families,96,29,244,794
lecanoromycetes.sp..5_tyr2228,Other_Families,52,29,235,676
lecanora.subimmergens.1_tyr3085,Other_Families,52,29,235,676
phlyctis.petraea.1_tyr590,Other_Families,52,29,199,632
fissurina.insidiosa.1_tyr4178,Other_Families,52,29,266,659
pertusaria.plittiana.1_tyr2716,Other_Families,52,29,222,637
acanthothecis.fontana.1_tyr1575,Other_Families,52,27,242,671
cladonia.kurokawae.1_tyr218,Other_Families,0,0,124,287
cladonia.uncialis.1_tyr3676,Other_Families,42,14,175,489
hypotrachyna.catawbiensis.1_tyr70,Other_Families,71,30,236,684
parmeliaceae.sp..16_tyr251,Other_Families,0,0,175,225
hypotrachyna.osseoalba.1_tyr3345,Other_Families,0,0,206,256
alectoria.ochroleuca.1_tyr213,Other_Families,100,30,216,653
hypogymnia.physodes.1_tyr649,Other_Families,103,29,238,424
usnea.ceratina.2_tyr3511,Other_Families,8,0,171,205
parmeliaceae.sp..19_tyr1117,Other_Families,67,29,212,536
lecanoromycetes.sp..5_tyr907,Other_Families,83,18,234,687
lecanora.subimmergens.1_tyr2969,Other_Families,83,18,234,687
protoblastenia.rupestris.2_tyr3986,Other_Families,50,7,192,372
lecanorales.sp..6_tyr3448,Other_Families,50,29,238,673
micareopsis.irriguata.1_tyr744,Other_Families,51,18,142,382
rhizocarpon.geographicum.1_tyr1674,Other_Families,39,28,189,463
psora.testacea.1_tyr3628,Other_Families,96,30,248,551
lecanorales.sp..6_tyr3950,Other_Families,96,17,231,380
lecanora.helva.1_tyr587,Other_Families,78,29,226,695
lecanora.helva.1_tyr1660,Other_Families,81,45,233,630
buellia.spuria.2_tyr2143,Other_Families,47,12,206,533
lecanora.atra.1_tyr4123,Other_Families,50,29,222,621
umbilicaria.hispanica.4_tyr3617,Other_Families,53,29,207,584
umbilicaria.polyphylla.1_tyr2011,Other_Families,0,0,161,268
umbilicaria.crustulosa.2_tyr1381,Other_Families,0,0,170,450
obscuroplaca.camptidia.1_tyr3126,Other_Families,57,45,211,649
dirinaria.sp..2_tyr3979,Other_Families,81,31,247,731
xanthoria.steineri.1_tyr393,Other_Families,87,36,236,780
scaffold_007362-T1,Other_Families,90,36,236,741
gyalolechia.ehrenbergii.1_tyr3397,Other_Families,74,30,239,594
XpGTX0501_010485-T1,Other_Families,0,9,232,243
xanthoria.mediterranea.1_tyr1163,Other_Families,50,29,201,563
squamulea.squamosa.1_tyr3214,Other_Families,73,30,239,716
OZ2100_008954-T1,Other_Families,0,0,160,320
puttea.exsequens.1_tyr618,Other_Families,61,29,211,528
puttea.exsequens.2_tyr972,Other_Families,61,29,211,528
nadvornikia.sorediata.1_tyr1018,Other_Families,53,29,216,631
thelotrema.lepadinum.2_tyr2220,Other_Families,50,29,178,592
thelotrema.lepadinum.1_tyr2472,Other_Families,50,29,178,592
agyrium.rufum.1_tyr1948,Other_Families,45,25,191,462
cladonia.sp..7_tyr1450,Other_Families,0,7,189,239
cladonia.sp..6_tyr4014,Other_Families,0,7,189,239
platismatia.glauca.2_tyr27,Other_Families,0,14,213,267
platismatia.glauca.1_tyr1356,Other_Families,0,14,213,267
platismatia.glauca.3_tyr2772,Other_Families,0,14,213,267
cladonia.kurokawae.1_tyr1067,Other_Families,1,11,232,307
pseudosagedia.isidiata.1_tyr707,Other_Families,69,28,205,656
lecanora.oreinoides.1_tyr3125,Other_Families,50,30,176,296
psora.testacea.1_tyr2544,Other_Families,63,13,154,429
gomphillus.americanus.2_tyr748,Other_Families,0,0,163,599
gomphillus.americanus.1_tyr3818,Other_Families,0,0,163,599
gomphillus.calycioides.1_tyr3074,Other_Families,1,0,176,611
thelotrema.subtile.1_tyr73,Other_Families,0,0,214,489
nadvornikia.sorediata.1_tyr544,Other_Families,0,0,219,583
thelotrema.lepadinum.1_tyr2043,Other_Families,0,0,221,576
thelotrema.lepadinum.2_tyr2840,Other_Families,0,0,221,576
stictis.urceolata.1_tyr685,Other_Families,0,0,197,533
stictis.urceolata.2_tyr2309,Other_Families,0,0,227,572
fissurina.insidiosa.1_tyr2126,Other_Families,0,0,222,581
stictis.urceolata.1_tyr1911,Other_Families,0,9,250,281
stictis.urceolata.2_tyr2470,Other_Families,0,9,250,281
phlyctis.speirea.1_tyr496,Other_Families,0,3,198,562
gomphillus.calycioides.1_tyr2044,Other_Families,0,0,218,577
lecanoromycetes.sp..5_tyr215,Other_Families,0,14,209,541
lecanora.subimmergens.1_tyr3208,Other_Families,0,14,209,541
lecanora.markjohnstonii.1_tyr3716,Other_Families,0,14,207,545
teloschistes.exilis.3_tyr2165,Other_Families,0,21,223,571
flavoplaca.marina.2_tyr690,Other_Families,0,78,277,677
flavoplaca.marina.2_tyr860,Other_Families,0,78,277,677
flavoplaca.marina.2_tyr1181,Other_Families,0,78,277,677
flavoplaca.marina.2_tyr1418,Other_Families,0,78,277,677
flavoplaca.marina.2_tyr1595,Other_Families,0,78,277,677
flavoplaca.marina.2_tyr1818,Other_Families,0,78,277,677
flavoplaca.marina.2_tyr2364,Other_Families,0,78,277,677
flavoplaca.marina.2_tyr2416,Other_Families,0,78,277,677
flavoplaca.marina.2_tyr2722,Other_Families,0,78,277,677
flavoplaca.marina.2_tyr2838,Other_Families,0,78,277,677
flavoplaca.marina.2_tyr3459,Other_Families,0,78,277,677
flavoplaca.marina.2_tyr3512,Other_Families,0,78,277,677
flavoplaca.marina.2_tyr3645,Other_Families,0,78,277,677
flavoplaca.marina.2_tyr3773,Other_Families,0,78,277,677
flavoplaca.marina.2_tyr3774,Other_Families,0,78,277,677
flavoplaca.marina.2_tyr3904,Other_Families,0,78,277,677
flavoplaca.marina.2_tyr3910,Other_Families,0,78,277,677
flavoplaca.marina.2_tyr4119,Other_Families,0,78,277,677
flavoplaca.marina.2_tyr1895,Other_Families,0,78,277,677
flavoplaca.marina.2_tyr3169,Other_Families,0,78,277,643
flavoplaca.oasis.1_tyr3190,Other_Families,0,78,277,677
flavoplaca.marina.2_tyr3656,Other_Families,0,9,277,630
gyalolechia.fulgens.1_tyr1884,Other_Families,0,17,214,555
teloschistes.exilis.3_tyr1430,Other_Families,0,72,240,348
teloschistes.exilis.1_tyr3279,Other_Families,0,0,222,257
teloschistes.exilis.2_tyr3635,Other_Families,0,0,222,257
gyalolechia.sp..1_tyr1287,Other_Families,0,5,239,563
brigantiaea.leucoxantha.2_tyr1373,Other_Families,0,15,255,586
brigantiaea.leucoxantha.1_tyr3736,Other_Families,0,15,245,578
brigantiaea.leucoxantha.1_tyr3404,Other_Families,0,15,211,540
flavoplaca.marina.2_tyr1166,Other_Families,0,0,232,508
melanohalea.halei.1_tyr1353,Other_Families,0,14,212,580
hypotrachyna.osseoalba.1_tyr3563,Other_Families,7,31,209,573
cetrelia.olivetorum.1_tyr1650,Other_Families,0,14,203,536
parmelia.squarrosa.1_tyr1871,Other_Families,0,14,205,588
letharia.lupina.1_tyr2135,Other_Families,0,1,208,273
letharia.vulpina.1_tyr3504,Other_Families,0,0,198,333
pectenia.cyanoloma.1_tyr365,Other_Families,0,0,290,485
leptogium.corticola.1_tyr1821,Other_Families,62,29,255,734
leptogium.corticola.1_tyr2029,Other_Families,81,29,264,794
phlyctis.petraea.1_tyr677,Other_Families,81,29,259,487
buellia.spuria.2_tyr3032,Other_Families,81,30,281,878
endocarpon.pusillum.1_tyr2774,Other_Families,81,30,264,1336
umbilicaria.muhlenbergii.1_tyr4002,Other_Families,80,30,288,982
umbilicaria.crustulosa.3_tyr2056,Other_Families,50,21,198,661
dimelaena.oreina.1_tyr4063,Other_Families,49,29,273,1213
solorina.crocea.1_tyr2839,Other_Families,53,14,241,630
agyrium.rufum.1_tyr1892,Other_Families,0,0,193,501
muellerella.sp..1_tyr85,Other_Families,102,47,222,685
melanelia.culbersonii.1_tyr1605,Other_Families,1,0,121,298
penant1_11477,Other_Families,1,22,216,282
aspaff1_tyr365,Other_Families,0,0,171,194
aspthe1_tyr2953,Other_Families,75,30,243,411
acarospora.socialis.1_tyr836,Other_Families,2,0,160,292
cyanodermella.asteris.1_tyr1868,Other_Families,0,3,199,550
coltru1_KAF6782444.1,Other_Families,68,31,194,361
chasp.7_RMZ91819.1,Other_Families,59,23,229,365
orboli2_tyr8545,Other_Families,0,0,191,201
blaper1_5625,Other_Families,57,29,254,340
umbilicaria.muhlenbergii.1_tyr2675,Other_Families,3,20,391,713
acarospora.strigata.1_tyr462,Other_Families,56,9,193,351
acarospora.strigata.2_tyr842,Other_Families,56,9,193,351
pleopsidium.flavum.1_tyr2871,Other_Families,31,28,193,316
variospora.aurantia.1_tyr837,Other_Families,54,5,179,238
variospora.flavescens.1_tyr4146,Other_Families,54,24,192,363
buellia.spuria.2_tyr1302,Other_Families,54,25,165,352
caloplaca.sp..2_tyr1451,Other_Families,49,9,149,230
lecidea.sp..1_tyr1182,Other_Families,36,24,147,314
porpidia.macrocarpa.1_tyr2736,Other_Families,55,28,178,368
acarospora.socialis.1_tyr2417,Other_Families,42,28,150,327
micareopsis.irriguata.1_tyr2991,Other_Families,27,28,140,299
physciaceae.sp..3_tyr1922,Other_Families,43,19,118,226
mobergia.calculiformis.1_tyr3516,Other_Families,43,19,118,226
xanthoria.sp..2_tyr418,Other_Families,74,29,311,730
xanthoria.sp..1_tyr3059,Other_Families,81,29,267,449
gyalolechia.gomerana.1_tyr3154,Other_Families,73,29,197,343
gyalolechia.ehrenbergii.1_tyr2514,Other_Families,0,9,205,520
xanthoparmelia.verrucella.1_tyr431,Other_Families,70,29,230,652
umbilicaria.hispanica.3_tyr420,Other_Families,44,29,267,367
umbilicaria.hispanica.1_tyr3308,Other_Families,44,29,267,367
umbilicaria.hispanica.2_tyr3324,Other_Families,44,29,267,367
lasallia.pustulata.7_tyr2471,Other_Families,44,13,268,569
lasallia.pustulata.6_tyr2737,Other_Families,44,13,268,569
lasallia.pustulata.5_tyr4132,Other_Families,44,13,268,569
lasallia.pustulata.2_tyr2820,Other_Families,44,29,186,503
lasallia.pustulata.3_tyr3966,Other_Families,44,29,186,503
umbilicaria.hispanica.4_tyr2335,Other_Families,44,29,160,478
solorina.crocea.1_tyr3631,Other_Families,27,29,200,494
dendriscocaulon.intricatulum.1_tyr3949,Other_Families,94,25,160,602
dirinaria.sp..2_tyr2060,Other_Families,45,12,252,575
gyalolechia.marmorata.1_tyr1245,Other_Families,61,29,176,397
porpidia.albocaerulescens.1_tyr3320,Other_Families,0,10,146,402
heterodermia.echinata.1_tyr1896,Other_Families,70,29,286,723
heterodermia.sp..1_tyr3580,Other_Families,70,29,286,723
xanthoparmelia.tasmanica.1_tyr2842,Other_Families,45,13,266,528
umbilicaria.crustulosa.1_tyr449,Other_Families,94,29,315,469
umbilicaria.crustulosa.2_tyr1383,Other_Families,66,29,315,435
umbilicaria.crustulosa.3_tyr2756,Other_Families,94,29,315,469
pleopsidium.flavum.1_tyr1541,Other_Families,27,29,267,355
acarospora.strigata.2_tyr1465,Other_Families,70,26,274,663
acarospora.strigata.1_tyr1553,Other_Families,70,26,274,663
phaeophyscia.squarrosa.1_tyr3355,Other_Families,2,0,201,513
diploschistes.diacapsis.1_tyr1681,Other_Families,9,0,87,212
lecanora.albella.1_tyr331,Other_Families,53,29,247,634
lecanora.strobilina.1_tyr1712,Other_Families,41,23,258,598
lecanoromycetes.sp..5_tyr3245,Other_Families,52,29,246,625
peltigera.hydrothyria.1_tyr3437,Other_Families,55,29,238,616
arthonia.rubella.1_tyr891,Other_Families,5,10,226,534
umbpus1_102502,Other_Families,74,29,239,420
umbilicaria.spodochroa.4_tyr282,Other_Families,37,29,275,411
lasallia.pustulata.6_tyr312,Other_Families,77,13,268,449
lasallia.pustulata.3_tyr488,Other_Families,77,0,256,427
lasallia.pustulata.4_tyr597,Other_Families,77,0,256,427
lasallia.pustulata.2_tyr1745,Other_Families,77,0,256,427
lasallia.pustulata.1_tyr1313,Other_Families,77,0,256,427
lasallia.pustulata.5_tyr1846,Other_Families,77,0,256,427
lasallia.pustulata.7_tyr2715,Other_Families,77,0,256,427
bacidia.gigantensis.1_tyr1200,Other_Families,73,29,267,394
trapelia.coarctata.1_tyr3636,Other_Families,29,29,267,378
stereocaulon.alpinum.1_tyr3793,Other_Families,64,29,255,412
xylographa.parallela.1_tyr39,Other_Families,81,29,338,524
pseudevernia.consocians.1_tyr1255,Other_Families,73,29,277,404
flavoparmelia.baltimorensis.1_tyr3090,Other_Families,29,29,222,351
umbilicaria.nylanderiana.1_tyr505,Other_Families,73,29,263,389
umbilicaria.iberica.1_tyr754,Other_Families,73,29,263,389
umbilicaria.nylanderiana.2_tyr3495,Other_Families,73,29,263,389
umbilicaria.spodochroa.3_tyr1176,Other_Families,55,29,326,481
umbilicaria.spodochroa.1_tyr3403,Other_Families,55,29,326,481
umbilicaria.crustulosa.1_tyr1414,Other_Families,55,29,326,481
lasallia.papulosa.1_tyr3924,Other_Families,55,29,326,481
acarospora.strigata.1_tyr1398,Other_Families,73,29,257,384
acarospora.strigata.2_tyr2042,Other_Families,73,29,257,384
stereocaulon.alpinum.1_tyr66,Other_Families,64,17,147,294
stereocaulon.dactylophyllum.1_tyr921,Other_Families,64,17,147,294
lepraria.finkii.1_tyr2291,Other_Families,83,29,326,503
stereocaulon.alpinum.1_tyr1945,Other_Families,73,29,289,416
lepraria.finkii.1_tyr329,Other_Families,83,17,250,641
cornicularia.normoerica.2_tyr2887,Other_Families,9,14,245,358
umbilicaria.iberica.1_tyr463,Other_Families,0,0,145,390
lepraria.leprolomopsis.1_tyr2773,Other_Families,82,15,263,624
lepraria.finkii.1_tyr295,Other_Families,73,27,271,388
lepraria.sp..1_tyr3866,Other_Families,0,3,277,299
stereocaulon.virgatum.1_tyr3063,Other_Families,21,16,200,438
cladonia.diversa.1_tyr882,Other_Families,81,16,264,650
cladonia.robbinsii.1_tyr1015,Other_Families,0,0,218,485
cladonia.sp..2_tyr2127,Other_Families,0,0,218,485
umbilicaria.polyphylla.3_tyr780,Other_Families,1,0,122,317
umbilicaria.crustulosa.2_tyr15,Other_Families,92,16,261,646
umbilicaria.spodochroa.4_tyr2689,Other_Families,92,16,265,650
umbilicaria.crustulosa.2_tyr830,Other_Families,92,16,265,650
umbilicaria.crustulosa.1_tyr205,Other_Families,92,16,228,613
umbilicaria.crustulosa.2_tyr2369,Other_Families,92,16,265,650
umbilicaria.polyphylla.3_tyr510,Other_Families,92,16,265,663
umbilicaria.crustulosa.2_tyr1222,Other_Families,92,16,265,663
lasallia.papulosa.1_tyr80,Other_Families,44,82,257,660
umbilicaria.deusta.2_tyr764,Other_Families,50,3,236,503
umbilicaria.deusta.4_tyr2080,Other_Families,50,3,236,503
umbilicaria.deusta.1_tyr2121,Other_Families,50,3,236,503
umbilicaria.deusta.3_tyr2760,Other_Families,50,3,236,503
umbilicaria.hispanica.2_tyr339,Other_Families,50,16,226,497
umbilicaria.hispanica.1_tyr2935,Other_Families,50,16,226,497
umbilicaria.hispanica.3_tyr2974,Other_Families,50,16,226,497
lasallia.pustulata.7_tyr1832,Other_Families,50,16,235,506
lasallia.pustulata.5_tyr3938,Other_Families,50,16,235,506
lasallia.pustulata.4_tyr1889,Other_Families,50,16,235,506
lasallia.pustulata.6_tyr3012,Other_Families,50,16,235,507
lasallia.pustulata.1_tyr849,Other_Families,50,16,239,511
lasallia.pustulata.3_tyr852,Other_Families,50,16,239,511
lasallia.pustulata.2_tyr2793,Other_Families,50,16,239,511
lasallia.pustulata.1_tyr527,Other_Families,92,16,236,507
lasallia.pustulata.7_tyr2661,Other_Families,92,16,236,507
lasallia.pustulata.5_tyr3064,Other_Families,92,16,236,507
lasallia.pustulata.6_tyr3360,Other_Families,92,16,236,503
lasallia.pustulata.2_tyr1978,Other_Families,92,16,239,554
lasallia.pustulata.3_tyr3870,Other_Families,92,16,239,554
lasallia.pustulata.4_tyr2699,Other_Families,92,16,239,554
lasallia.pustulata.7_tyr1579,Other_Families,92,16,239,984
lasallia.pustulata.5_tyr3679,Other_Families,92,16,239,984
lasallia.pustulata.4_tyr2700,Other_Families,92,16,239,984
lasallia.pustulata.1_tyr1976,Other_Families,92,16,239,984
lasallia.pustulata.2_tyr2478,Other_Families,92,16,239,984
lasallia.pustulata.3_tyr3931,Other_Families,92,16,239,984
lasallia.pustulata.6_tyr2949,Other_Families,92,16,239,519
umbilicaria.hispanica.4_tyr3745,Other_Families,66,7,237,469
dermiscellum.oulocheilum.1_tyr1667,Other_Families,14,16,253,559
buellia.mamillana.1_tyr2261,Other_Families,80,16,255,620
xanthoparmelia.verrucella.1_tyr2858,Other_Families,0,0,241,287
lepraria.neglecta.1_tyr2667,Other_Families,49,16,253,594
lecanora.atra.1_tyr1602,Other_Families,0,0,166,441
lecanoromycetes.sp..3_tyr325,Other_Families,0,0,146,385
xanthoria.aureola.1_tyr1297,Other_Families,73,16,274,645
XcGTX0491_009866-T1,Other_Families,73,16,274,645
gallowayella.fulva.1_tyr3268,Other_Families,72,16,275,645
variospora.flavescens.1_tyr2402,Other_Families,73,16,265,636
polycauliona.sp..2_tyr1326,Other_Families,72,16,263,641
OZ2100_003971-T1,Other_Families,72,16,275,645
XpGTX0501_007307-T1,Other_Families,72,16,275,645
scaffold_005633-T1,Other_Families,72,16,293,663
lecanora.subimmergens.1_tyr2007,Other_Families,0,0,146,421
lecanora.oreinoides.1_tyr3132,Other_Families,87,16,257,642
dirinaria.sp..1_tyr981,Other_Families,86,16,259,651
gyalolechia.ehrenbergii.1_tyr635,Other_Families,48,16,246,502
flavoplaca.marina.2_tyr1816,Other_Families,74,16,284,655
lecidea.sp..1_tyr1333,Other_Families,67,0,266,623
xanthoparmelia.plittii.1_tyr1653,Other_Families,29,16,176,459
teloschistes.exilis.1_tyr87,Other_Families,0,0,232,431
teloschistes.exilis.2_tyr3488,Other_Families,0,0,232,431
bulbothrix.scortella.1_tyr1497,Other_Families,13,16,188,288
teloschistes.exilis.2_tyr2742,Other_Families,90,29,270,463
teloschistes.exilis.1_tyr2992,Other_Families,90,29,270,463
teloschistes.exilis.3_tyr3078,Other_Families,72,13,241,347
umbilicaria.deusta.4_tyr3554,Other_Families,55,16,243,369
baeomycetales.sp..4_tyr1767,Other_Families,47,16,262,607
leptogium.corticola.1_tyr2099,Other_Families,55,22,289,437
leptogium.austroamericanum.2_tyr4156,Other_Families,73,21,354,788
rhizocarpon.geographicum.1_tyr1673,Other_Families,71,16,260,619
peltigera.aphthosa.1_tyr3761,Other_Families,50,10,299,443
thelotrema.lepadinum.1_tyr491,Other_Families,0,0,146,346
thelotrema.lepadinum.2_tyr2343,Other_Families,0,0,146,346
arthonia.susa.1_tyr612,Other_Families,54,25,382,781
opegrapha.moroziana.1_tyr668,Other_Families,54,29,373,799
umbilicaria.polyphylla.4_tyr3789,Other_Families,0,0,181,292
wetmoreana.brouardii.1_tyr3494,Other_Families,37,10,160,358
rusavskia.elegans.1_tyr3814,Other_Families,55,29,270,380
xanthoparmelia.plittii.1_tyr1652,Other_Families,29,29,270,389
parmeliaceae.sp..19_tyr3079,Other_Families,29,29,270,389
buellia.spuria.2_tyr3581,Other_Families,9,28,263,369
rinodina.dolichospora.1_tyr97,Other_Families,62,52,305,438
buellia.mamillana.1_tyr876,Other_Families,0,13,256,340
lecanorales.sp..5_tyr3653,Other_Families,67,29,261,376
gomphillus.calycioides.1_tyr2862,Other_Families,54,26,308,542
gomphillus.calycioides.1_tyr2877,Other_Families,55,29,301,456
solorina.crocea.1_tyr2868,Other_Families,45,29,345,421
lambiella.insularis.1_tyr2190,Other_Families,73,23,387,560
leucodecton.sp..1_tyr1006,Other_Families,26,16,247,308
pertusaria.ostiolata.1_tyr2466,Other_Families,62,22,254,615
lecanoromycetes.sp..5_tyr3299,Other_Families,73,16,146,467
lecanora.subimmergens.1_tyr3478,Other_Families,73,16,146,467
lepsp.1_482229,Other_Families,47,14,245,346
psora.crenata.1_tyr256,Other_Families,5,9,150,239
cadsp.2_KAG4436364.1,Other_Families,75,28,176,340
platismatia.glauca.3_tyr3970,Other_Families,93,28,227,1014
vulpicida.juniperinus.1_tyr1524,Other_Families,9,28,229,823
hypogymnia.vittata.1_tyr3408,Other_Families,88,28,251,975
parmeliaceae.sp..22_tyr3606,Other_Families,88,28,251,975
leucodermia.leucomelos.1_tyr1351,Other_Families,51,28,241,663
leucodermia.appalachiensis.1_tyr1489,Other_Families,51,28,251,407
heterodermia.sp..3_tyr1517,Other_Families,51,28,251,407
polyblastidium.squamulosum.1_tyr1642,Other_Families,0,0,164,534
physciaceae.sp..4_tyr3794,Other_Families,0,0,164,534
dibaeis.sorediata.1_tyr503,Other_Families,0,0,205,208
pertusaria.propinqua.1_tyr292,Other_Families,88,28,261,699
pertusaria.ostiolata.1_tyr2780,Other_Families,55,28,245,355
pertusaria.epixantha.1_tyr2831,Other_Families,8,0,150,435
fustja1_KAF5616136.1,Other_Families,73,23,132,269
aspicilia.laevata.1_tyr1038,Other_Families,63,65,125,342
glaloz2_EHL01589.1,Other_Families,14,27,201,279
psesp.14_KFY24906.1,Other_Families,78,24,229,394
umbilicaria.americana.1_tyr1621,Other_Families,116,20,233,830
umbilicaria.spodochroa.1_tyr1173,Other_Families,45,26,226,297
umbilicaria.spodochroa.3_tyr4111,Other_Families,45,26,226,297
umbilicaria.phaea.3_tyr3731,Other_Families,69,24,247,373
umbilicaria.phaea.1_tyr3806,Other_Families,69,24,247,373
umbilicaria.freyi.3_tyr456,Other_Families,49,26,136,247
umbilicaria.freyi.1_tyr983,Other_Families,49,26,136,247
umbilicaria.freyi.2_tyr2505,Other_Families,49,26,136,247
umbilicaria.crustulosa.3_tyr1110,Other_Families,0,16,161,205
umbilicaria.vellea.1_tyr1419,Other_Families,6,26,210,275
umbilicaria.crustulosa.2_tyr632,Other_Families,0,6,159,722
baeomycetales.sp..2_tyr423,Other_Families,79,26,244,823
parmeliaceae.sp..1_tyr1267,Other_Families,83,28,255,476
usnea.ceratina.1_tyr3457,Other_Families,83,28,255,476
usnea.florida.1_tyr2354,Other_Families,116,28,255,968
oidmai1_53117,Other_Families,59,28,214,340
clorhi1_VUC09346.1,Other_Families,48,30,233,354
aspasp7_tyr618,Other_Families,76,29,210,390
ochrolechia.trochophora.1_tyr59,Other_Families,71,31,242,645
pertusariales.sp..1_tyr2468,Other_Families,71,31,243,646
lepra.amara.1_tyr3243,Other_Families,44,14,242,463
varicellaria.rhodocarpa.2_tyr3226,Other_Families,71,31,242,643
varicellaria.rhodocarpa.2_tyr3227,Other_Families,71,31,242,643
ochrolechia.trochophora.1_tyr195,Other_Families,69,29,244,747
lepra.amara.1_tyr4152,Other_Families,71,27,203,568
xylographa.soralifera.1_tyr200,Other_Families,19,14,229,547
rhizocarpon.subgeminatum.1_tyr3783,Other_Families,71,31,239,640
lepra.amara.1_tyr1513,Other_Families,20,13,199,451
circinaria.calcarea.1_tyr1727,Other_Families,24,31,252,695
acanthothecis.fontana.1_tyr2489,Other_Families,56,30,252,772
lecanoromycetes.sp..3_tyr106,Other_Families,33,17,224,524
lecanorales.sp..5_tyr1365,Other_Families,33,31,247,675
stereocaulon.virgatum.1_tyr1494,Other_Families,29,29,250,630
umbilicaria.deusta.1_tyr348,Other_Families,33,31,250,663
umbilicaria.deusta.2_tyr1335,Other_Families,33,31,250,663
umbilicaria.deusta.3_tyr1341,Other_Families,33,31,250,663
massalongia.carnosa.1_tyr387,Other_Families,33,31,250,671
umbilicaria.crustulosa.1_tyr1416,Other_Families,32,31,250,670
platismatia.glauca.1_tyr2923,Other_Families,33,31,250,671
sticta.canariensis.1_tyr2194,Other_Families,12,26,249,644
bryoria.fremontii.1_tyr2274,Other_Families,12,31,250,650
massalongia.carnosa.1_tyr386,Other_Families,0,2,242,590
flavoplaca.marina.2_tyr584,Other_Families,57,30,274,737
platismatia.glauca.3_tyr2149,Other_Families,33,17,245,652
cladonia.sp..5_tyr687,Other_Families,33,31,250,680
cladonia.peziziformis.1_tyr2189,Other_Families,33,31,250,680
pannaria.tavaresii.1_tyr1358,Other_Families,0,10,226,554
porpidia.crustulata.1_tyr3202,Other_Families,33,31,250,641
pectenia.plumbea.1_tyr1189,Other_Families,69,30,251,797
pectenia.plumbea.1_tyr3607,Other_Families,69,30,251,797
psora.testacea.1_tyr3791,Other_Families,0,0,215,482
byssoloma.meadii.1_tyr3705,Other_Families,26,13,242,577
phyllopsora.parvifolia.1_tyr3702,Other_Families,33,31,216,646
cladonia.robbinsii.1_tyr222,Other_Families,0,0,214,419
ramalina.farinacea.1_tyr4179,Other_Families,0,0,176,379
stereocaulon.alpinum.1_tyr237,Other_Families,71,20,196,676
gyalolechia.sp..1_tyr2596,Other_Families,71,29,214,712
parmotrema.rampoddense.1_tyr152,Other_Families,71,31,248,585
bulbothrix.scortella.1_tyr731,Other_Families,71,31,261,665
bulbothrix.scortella.1_tyr1496,Other_Families,0,14,261,403
crespoa.crozalsiana.1_tyr2802,Other_Families,71,31,261,621
crespoa.crozalsiana.1_tyr2396,Other_Families,71,31,242,646
hypotrachyna.lividescens.1_tyr1740,Other_Families,71,21,261,485
bryoria.fremontii.1_tyr1056,Other_Families,71,31,232,636
parmotrema.hypotropum.1_tyr1396,Other_Families,67,31,260,629
parmeliaceae.sp..7_tyr3415,Other_Families,67,31,260,629
parmotrema.austrosinense.1_tyr4173,Other_Families,67,31,260,629
pseudevernia.furfuracea.3_tyr1487,Other_Families,67,31,261,630
bulbothrix.scortella.1_tyr964,Other_Families,71,31,261,632
lecanorales.sp..5_tyr405,Other_Families,71,30,248,593
platismatia.glauca.1_tyr1872,Other_Families,71,30,248,593
evernia.prunastri.2_tyr548,Other_Families,71,31,269,716
alectoria.sarmentosa.3_tyr1179,Other_Families,71,31,269,716
ramalina.petrina.1_tyr2210,Other_Families,71,31,243,647
lecanora.strobilina.1_tyr4016,Other_Families,69,30,248,716
puttea.exsequens.2_tyr958,Other_Families,71,17,217,444
puttea.exsequens.1_tyr4125,Other_Families,71,17,217,444
platismatia.glauca.3_tyr2090,Other_Families,71,17,241,465
umbilicaria.mammulata.1_tyr360,Other_Families,68,30,237,565
lasallia.papulosa.1_tyr782,Other_Families,71,31,244,587
lecanora.markjohnstonii.1_tyr1498,Other_Families,71,31,210,566
biatora.pontica.1_tyr3278,Other_Families,71,31,244,648
phlyctis.petraea.1_tyr1557,Other_Families,71,22,183,574
puttea.exsequens.2_tyr414,Other_Families,71,17,194,545
puttea.exsequens.1_tyr2206,Other_Families,71,17,194,545
bulbothrix.scortella.1_tyr2571,Other_Families,71,31,216,518
xanthoparmelia.tasmanica.1_tyr1556,Other_Families,71,31,256,494
stereocaulon.virgatum.1_tyr1960,Other_Families,70,31,208,555
stereocaulon.virgatum.1_tyr3365,Other_Families,70,31,234,663
melanohalea.halei.1_tyr3440,Other_Families,44,14,190,294
lepraria.finkii.1_tyr480,Other_Families,71,31,208,540
lepraria.finkii.1_tyr3086,Other_Families,33,27,273,489
phlyctis.speirea.1_tyr538,Other_Families,33,30,248,696
parmotrema.hypotropum.1_tyr1608,Other_Families,0,14,229,253
sticta.canariensis.1_tyr72,Other_Families,12,29,297,555
nephroma.helveticum.1_tyr1247,Other_Families,71,29,289,689
leptogium.austroamericanum.1_tyr2033,Other_Families,33,29,296,741
dermiscellum.oulocheilum.1_tyr107,Other_Families,67,0,218,553
mycoblastus.sanguinarius.1_tyr806,Other_Families,0,0,164,302
mycoblastus.sanguinarius.1_tyr3796,Other_Families,14,13,187,361
icmadophila.ericetorum.1_tyr613,Other_Families,0,50,195,412
buellia.spuria.2_tyr979,Other_Families,17,29,221,972
lepra.amara.1_tyr2731,Other_Families,0,0,184,363
umbilicaria.deusta.1_tyr455,Other_Families,11,2,204,402
umbilicaria.deusta.2_tyr1592,Other_Families,11,2,204,402
umbilicaria.deusta.3_tyr1593,Other_Families,11,2,204,402
umbilicaria.deusta.1_tyr2735,Other_Families,11,2,204,402
micareopsis.irriguata.1_tyr1708,Other_Families,0,0,209,503
micareopsis.irriguata.1_tyr4069,Other_Families,0,0,128,252
cladonia.metacorallifera.1_tyr1526,Other_Families,46,55,174,276
cladonia.macilenta.1_tyr1721,Other_Families,46,55,174,276
buellia.spuria.2_tyr51,Other_Families,59,14,231,372
seirophora.scorigena.1_tyr60,Other_Families,59,0,201,735
lecanora.oreinoides.1_tyr2764,Other_Families,59,14,227,775
micareopsis.irriguata.1_tyr2304,Other_Families,59,14,241,789
lecanorales.sp..6_tyr1589,Other_Families,59,14,227,775
psora.testacea.1_tyr1198,Other_Families,0,14,188,545
stereocaulon.virgatum.1_tyr1959,Other_Families,73,49,227,756
stereocaulon.virgatum.1_tyr2296,Other_Families,59,14,228,773
fuscopannaria.leucosticta.1_tyr966,Other_Families,59,14,244,398
melanelia.culbersonii.1_tyr3224,Other_Families,59,14,260,635
psora.testacea.1_tyr75,Other_Families,59,15,225,775
parmeliaceae.sp..17_tyr582,Other_Families,49,14,241,525
lepraria.finkii.1_tyr960,Other_Families,58,14,241,665
lepraria.leprolomopsis.1_tyr1810,Other_Families,58,14,233,657
lepraria.neglecta.1_tyr2666,Other_Families,58,14,241,784
caloplaca.aetnensis.1_tyr716,Other_Families,73,50,281,706
lepraria.finkii.1_tyr572,Other_Families,63,20,233,360
lecanorales.sp..4_tyr975,Other_Families,73,20,260,829
umbilicaria.mammulata.1_tyr624,Other_Families,58,14,241,609
umbilicaria.freyi.1_tyr1079,Other_Families,59,12,262,649
umbilicaria.freyi.3_tyr2928,Other_Families,59,12,262,649
lecanorales.sp..2_tyr2300,Other_Families,59,14,258,806
letharia.lupina.1_tyr2846,Other_Families,65,38,262,586
ramalina.siliquosa.1_tyr3423,Other_Families,36,38,262,688
stereocaulon.virgatum.1_tyr4122,Other_Families,36,38,262,557
rhizocarpon.geographicum.1_tyr3412,Other_Families,59,0,261,764
gyalecta.farlowii.1_tyr1066,Other_Families,58,14,240,788
punctelia.appalachensis.1_tyr925,Other_Families,73,30,228,729
cetradonia.linearis.1_tyr3193,Other_Families,59,14,222,785
lecanorales.sp..5_tyr702,Other_Families,45,48,247,752
lecanorales.sp..5_tyr1919,Other_Families,89,27,226,743
lecanora.helva.1_tyr2796,Other_Families,0,14,222,521
peltigera.hydrothyria.1_tyr591,Other_Families,0,0,198,364
diploschistes.diacapsis.1_tyr1354,Other_Families,55,0,218,475
phlyctis.petraea.1_tyr3168,Other_Families,42,38,222,357
punctelia.appalachensis.1_tyr157,Other_Families,0,14,241,560
umbilicaria.crustulosa.1_tyr446,Other_Families,50,15,154,318
umbilicaria.crustulosa.2_tyr1221,Other_Families,0,0,148,405
umbilicaria.vellea.1_tyr1644,Other_Families,5,3,153,536
pilophorus.fibula.1_tyr2273,Other_Families,0,0,178,557
usnea.aurantiacoatra.1_tyr1115,Other_Families,19,14,233,652
punctelia.appalachensis.1_tyr2004,Other_Families,0,14,240,582
phyllopsora.parvifolia.1_tyr1413,Other_Families,0,14,189,494
peltigera.leucophlebia.1_tyr3479,Other_Families,47,14,250,473
umbilicaria.mammulata.1_tyr3706,Other_Families,47,15,240,777
lecidea.sp..1_tyr2799,Other_Families,0,14,201,581
acarospora.sp..1_tyr373,Other_Families,6,14,240,578
buellia.spuria.2_tyr1348,Other_Families,5,8,240,552
cladonia.sp..5_tyr472,Other_Families,0,14,210,266
cladonia.peziziformis.1_tyr751,Other_Families,0,14,210,266
baeomycetales.sp..4_tyr1180,Other_Families,78,17,237,677
lecidea.sp..1_tyr684,Other_Families,0,14,239,502
phlyctis.petraea.1_tyr1522,Other_Families,0,0,177,513
porpidia.subsimplex.1_tyr2619,Other_Families,4,0,169,292
acarospora.socialis.1_tyr3130,Other_Families,46,17,258,571
aspicilia.laevata.1_tyr3361,Other_Families,51,23,245,497
umbilicaria.iberica.1_tyr1168,Other_Families,0,14,198,238
leucodecton.sp..1_tyr3879,Other_Families,72,14,245,748
rhizocarpon.subgeminatum.1_tyr3407,Other_Families,15,50,213,457
umbilicaria.deusta.2_tyr762,Other_Families,12,10,158,795
umbilicaria.deusta.1_tyr2120,Other_Families,12,10,158,795
umbilicaria.deusta.3_tyr2759,Other_Families,12,10,158,795
umbilicaria.deusta.4_tyr2079,Other_Families,12,10,158,795
cypeur1_111219,Other_Families,5,9,230,287
cladophialophora.endolichena.1_tyr2203,Other_Families,4,11,253,589
cladophialophora.sp..2_tyr399,Other_Families,0,0,176,205
cladophialophora.sp..2_tyr400,Other_Families,0,0,176,205
cladophialophora.sp..1_tyr1003,Other_Families,39,11,237,658
cladophialophora.sp..1_tyr1004,Other_Families,0,0,218,390
cladophialophora.sp..1_tyr4136,Other_Families,26,11,237,907
cladophialophora.sp..1_tyr3151,Other_Families,37,11,237,975
chaetothyriales.sp..1_tyr950,Other_Families,31,11,265,645
chaetothyriales.sp..1_tyr1264,Other_Families,31,11,265,645
zymtri4_SMY26934.1,Other_Families,0,0,197,197
arthoniomycete.sp..1_tyr168,Other_Families,5,12,222,252
cyanodermella.asteris.1_tyr3589,Other_Families,16,12,222,267
ptychographa.xylographoides.2_tyr1321,Other_Families,15,12,221,377
ptychographa.xylographoides.1_tyr1363,Other_Families,15,12,221,377
pertusaria.plittiana.1_tyr1285,Other_Families,17,12,225,346
pertusaria.propinqua.1_tyr4079,Other_Families,0,0,225,259
xanthoria.aureola.1_tyr179,Other_Families,15,12,222,296
XcGTX0491_002172-T1,Other_Families,15,12,222,296
xanthoria.sp..1_tyr3657,Other_Families,15,12,222,296
flavoplaca.limonia.1_tyr3663,Other_Families,1,12,223,271
pyrenodesmia.sp..1_tyr3753,Other_Families,18,12,224,301
flavoplaca.limonia.1_tyr495,Other_Families,16,12,222,313
lecanora.masana.1_tyr3081,Other_Families,0,0,215,229
umbilicaria.phaea.1_tyr1193,Other_Families,15,12,223,315
umbilicaria.phaea.3_tyr2049,Other_Families,15,12,223,315
cladonia.diversa.2_tyr1587,Other_Families,15,12,227,304
cladonia.diversa.1_tyr3529,Other_Families,15,12,227,304
cladonia.coccifera.1_tyr2429,Other_Families,15,12,227,304
cladonia.robbinsii.1_tyr1649,Other_Families,15,12,228,323
cladonia.sp..2_tyr3530,Other_Families,15,12,228,323
cladonia.polycarpoides.1_tyr3396,Other_Families,15,12,228,321
cladonia.uncialis.1_tyr1943,Other_Families,15,12,228,322
cladonia.portentosa.1_tyr1897,Other_Families,15,12,228,329
pertusaria.obruta.1_tyr1248,Other_Families,0,0,210,213
aursub2_KEQ98213.1,Other_Families,0,3,231,234
racsp.1_tyr9894,Other_Families,17,9,215,248
cladonia.furcata.1_tyr1068,Other_Families,4,11,225,316
cladonia.sp..7_tyr2486,Other_Families,18,11,226,363
cladonia.sp..6_tyr2493,Other_Families,18,11,226,363
leprocaulon.nicholsiae.1_tyr3065,Other_Families,18,11,160,254
chasp.2_354242,Other_Families,55,28,221,347
zoprhi1_KAF2186083.1,Other_Families,75,30,218,368
gyalecta.farlowii.1_tyr1838,Other_Families,98,49,225,957
cladophialophora.sp..2_tyr2183,Other_Families,98,49,226,1008
icmadophila.ericetorum.1_tyr33,Other_Families,81,47,148,610
icmadophila.ericetorum.2_tyr2976,Other_Families,81,47,225,631
sticta.canariensis.1_tyr3468,Other_Families,54,47,224,695
kuettlingeria.erythrocarpa.1_tyr2630,Other_Families,0,0,196,258
fissurina.insidiosa.1_tyr3001,Other_Families,0,14,225,533
pannaria.tavaresii.1_tyr3625,Other_Families,14,43,198,334
erebil1_455447,Other_Families,62,30,151,284
astsub1_465646,Other_Families,16,0,180,242
porpidia.subsimplex.1_tyr3802,Other_Families,86,47,202,698
sticta.canariensis.1_tyr1454,Other_Families,82,47,229,678
acanthothecis.fontana.1_tyr3737,Other_Families,0,24,229,279
phyllopsora.parvifolia.1_tyr2002,Other_Families,47,21,225,320
sticta.canariensis.1_tyr180,Other_Families,80,45,208,666
porpidia.subsimplex.1_tyr3915,Other_Families,18,40,229,600
punctelia.appalachensis.1_tyr3058,Other_Families,71,48,231,624
pseudocyphellaria.aurata.1_tyr2535,Other_Families,11,11,200,255
monsp.3_tyr8334,Other_Families,42,4,156,276
chasp.4_RMD40828.1,Other_Families,49,20,220,334
endocarpon.pusillum.2_tyr110,Other_Families,4,7,225,604
endocarpon.pusillum.2_tyr2476,Other_Families,4,7,225,604
endocarpon.pusillum.2_tyr3372,Other_Families,4,7,225,569
endocarpon.pusillum.3_tyr2527,Other_Families,4,7,225,604
muellerella.sp..1_tyr1789,Other_Families,4,7,263,496
biatora.appalachensis.1_tyr3378,Other_Families,31,5,95,219
zwackhia.viridis.1_tyr2925,Other_Families,2,0,220,241
massalongia.carnosa.1_tyr3311,Other_Families,3,10,236,293
protoblastenia.rupestris.2_tyr2177,Other_Families,5,11,193,247
endocarpon.pusillum.1_tyr2609,Other_Families,50,18,195,489
coniocarpon.cinnabarinum.2_tyr1581,Other_Families,18,24,208,562
umbilicaria.spodochroa.1_tyr602,Other_Families,50,13,248,578
umbilicaria.spodochroa.1_tyr1687,Other_Families,50,13,248,578
umbilicaria.spodochroa.3_tyr4076,Other_Families,50,13,248,578
opegrapha.moroziana.1_tyr1878,Other_Families,9,4,221,511
pyrtri1_EDU47821.1,Other_Families,48,25,247,418
flavoplaca.austrocitrina.1_tyr723,Other_Families,68,17,377,790
caloplaca.sp..1_tyr2181,Other_Families,12,17,336,704
lecanoromycetidae.sp..1_tyr127,Other_Families,91,30,296,749
acarospora.socialis.1_tyr3129,Other_Families,116,31,262,745
trapelia.coarctata.1_tyr378,Other_Families,21,27,183,236
acarospora.socialis.1_tyr2216,Other_Families,0,14,140,220
psesp.14_KFY24325.1,Other_Families,44,25,220,311
pseudevernia.furfuracea.1_tyr86,Other_Families,45,29,257,331
pseudevernia.furfuracea.1_tyr3917,Other_Families,15,29,246,294
usnea.halei.1_tyr101,Other_Families,45,29,258,389
parmeliaceae.sp..21_tyr682,Other_Families,45,29,258,389
usnea.cavernosa.1_tyr220,Other_Families,45,29,257,392
cladonia.ochrochlora.1_tyr1133,Other_Families,48,29,256,397
cladonia.petrophila.1_tyr2719,Other_Families,48,29,256,396
cladonia.sp..3_tyr3586,Other_Families,48,29,256,396
cladonia.uncialis.4_tyr3273,Other_Families,48,29,256,396
cladonia.coccifera.1_tyr4081,Other_Families,48,29,255,332
melanelia.culbersonii.1_tyr2484,Other_Families,44,29,255,386
melanelia.culbersonii.1_tyr3180,Other_Families,50,29,252,394
parmotrema.reticulatum.1_tyr3664,Other_Families,15,29,255,358
parmotrema.austrosinense.1_tyr501,Other_Families,45,29,249,333
parmeliaceae.sp..7_tyr1084,Other_Families,45,29,249,333
parmotrema.tinctorum.1_tyr848,Other_Families,47,29,256,395
parmeliaceae.sp..15_tyr3537,Other_Families,0,0,256,315
parmotrema.mellissii.1_tyr4041,Other_Families,0,0,256,315
collema.furfuraceum.1_tyr571,Other_Families,43,30,259,389
botryolepraria.lesdainii.1_tyr3146,Other_Families,25,29,252,329
ramalina.thrausta.1_tyr1392,Other_Families,48,29,255,342
ramalina.farinacea.1_tyr3393,Other_Families,3,29,250,283
lecanorales.sp..5_tyr3080,Other_Families,8,24,234,275
cladonia.coccifera.1_tyr2439,Other_Families,45,29,246,377
cladonia.macilenta.1_tyr3228,Other_Families,45,29,259,390
cladonia.macilenta.2_tyr3842,Other_Families,45,29,259,390
lecanora.atra.1_tyr2332,Other_Families,49,29,247,382
lecanorales.sp..5_tyr2453,Other_Families,0,10,232,242
flavoplaca.marina.2_tyr2556,Other_Families,45,28,257,371
variospora.aurantia.1_tyr3292,Other_Families,45,28,256,372
physciaceae.sp..4_tyr802,Other_Families,49,29,258,386
polyblastidium.squamulosum.1_tyr4040,Other_Families,49,29,258,386
heterodermia.obscurata.1_tyr2835,Other_Families,46,29,253,683
heterodermia.langdoniana.1_tyr1258,Other_Families,45,29,262,691
leucodermia.leucomelos.1_tyr2768,Other_Families,20,29,262,334
xylographa.pallens.1_tyr1288,Other_Families,41,29,277,394
trapeliopsis.flexuosa.1_tyr3499,Other_Families,46,29,253,389
baeomycetales.sp..2_tyr1975,Other_Families,56,29,254,399
ionaspis.lacustris.1_tyr2819,Other_Families,51,29,248,383
usnochroma.carphineum.1_tyr2888,Other_Families,0,0,184,255
bacidia.gigantensis.1_tyr4167,Other_Families,46,29,251,393
ptychographa.xylographoides.1_tyr768,Other_Families,50,29,260,388
ptychographa.xylographoides.2_tyr1503,Other_Families,50,29,260,388
melanohalea.halei.1_tyr1352,Other_Families,2,0,195,276
xanthoparmelia.verrucella.1_tyr2252,Other_Families,39,29,221,347
usnea.florida.1_tyr3426,Other_Families,46,29,259,380
lecanorales.sp..2_tyr530,Other_Families,45,29,252,389
pertusaria.plittiana.1_tyr3414,Other_Families,44,29,256,329
buellia.spuria.2_tyr3283,Other_Families,47,29,222,330
flavoplaca.citrina.1_tyr34,Other_Families,40,29,260,386
flavoplaca.marina.2_tyr78,Other_Families,57,29,255,431
flavoplaca.marina.2_tyr549,Other_Families,57,29,255,431
flavoplaca.marina.2_tyr844,Other_Families,57,29,255,431
flavoplaca.marina.2_tyr859,Other_Families,57,29,255,431
flavoplaca.marina.2_tyr1410,Other_Families,57,29,255,431
flavoplaca.marina.2_tyr1439,Other_Families,57,29,255,431
flavoplaca.marina.2_tyr1532,Other_Families,57,29,255,431
flavoplaca.marina.2_tyr3211,Other_Families,57,29,255,431
flavoplaca.marina.1_tyr3213,Other_Families,57,29,255,431
flavoplaca.marina.2_tyr3510,Other_Families,57,29,255,431
flavoplaca.marina.2_tyr4115,Other_Families,57,29,255,431
flavoplaca.marina.2_tyr1290,Other_Families,8,29,255,306
flavoplaca.marina.2_tyr1457,Other_Families,8,29,255,306
flavoplaca.marina.2_tyr266,Other_Families,63,29,255,394
flavoplaca.marina.2_tyr1685,Other_Families,63,29,255,394
flavoplaca.marina.2_tyr1710,Other_Families,63,29,255,394
flavoplaca.marina.2_tyr2498,Other_Families,63,29,255,394
flavoplaca.marina.2_tyr2528,Other_Families,63,29,255,394
flavoplaca.navasiana.2_tyr1993,Other_Families,8,29,255,382
flavoplaca.austrocitrina.1_tyr4097,Other_Families,63,29,255,394
flavoplaca.sp..1_tyr2361,Other_Families,73,29,258,404
kuettlingeria.erythrocarpa.1_tyr700,Other_Families,0,8,256,281
melanohalea.halei.1_tyr2427,Other_Families,8,32,233,317
dendriscocaulon.intricatulum.1_tyr4096,Other_Families,68,32,260,372
umbilicaria.nylanderiana.1_tyr3838,Other_Families,75,32,257,412
umbilicaria.nylanderiana.2_tyr3926,Other_Families,75,32,235,347
lecanorales.sp..2_tyr388,Other_Families,46,29,257,368
imshaugia.aleurites.1_tyr2265,Other_Families,75,29,260,413
imshaugia.aleurites.2_tyr2567,Other_Families,75,29,260,413
phaeophyscia.hispidula.1_tyr2960,Other_Families,23,32,213,278
leucodermia.leucomelos.1_tyr3860,Other_Families,20,32,260,319
lecidella.sp..1_tyr1820,Other_Families,68,30,260,408
lecanora.hybocarpa.1_tyr2977,Other_Families,77,30,260,417
pyrrhospora.varians.1_tyr3775,Other_Families,75,29,232,389
lobaria.pulmonaria.1_tyr474,Other_Families,0,12,252,280
lobaria.immixta.1_tyr2349,Other_Families,45,33,268,361
arthoniomycete.sp..1_tyr581,Other_Families,73,32,256,416
ramalina.siliquosa.1_tyr3421,Other_Families,69,0,251,349
pertusaria.andersoniae.1_tyr225,Other_Families,0,0,223,240
varicellaria.rhodocarpa.1_tyr3174,Other_Families,32,31,260,386
aspicilia.laevata.1_tyr1692,Other_Families,52,31,257,423
exophiala.sp..1_tyr2542,Other_Families,47,32,251,347
exophiala.sp..1_tyr3133,Other_Families,49,31,255,352
pertusaria.ostiolata.1_tyr3427,Other_Families,52,31,256,349
lecanora.hybocarpa.1_tyr316,Other_Families,47,29,257,405
buellia.spuria.1_tyr1883,Other_Families,32,29,244,370
heterodermia.langdoniana.1_tyr1257,Other_Families,47,30,240,329
heterodermia.echinata.1_tyr3898,Other_Families,0,0,196,221
heterodermia.sp..1_tyr3905,Other_Families,0,0,196,221
heterodermia.obscurata.1_tyr1259,Other_Families,50,29,238,368
loekoesia.sp..1_tyr2499,Other_Families,49,29,257,700
lecanorales.sp..2_tyr529,Other_Families,0,0,189,248
lecanorales.sp..2_tyr2350,Other_Families,41,32,246,335
aspasp1_tyr547,Other_Families,40,25,219,303
buellia.stillingiana.1_tyr3619,Other_Families,24,29,191,302
lecanora.hybocarpa.1_tyr1670,Other_Families,52,29,236,380
umbilicaria.phaea.2_tyr434,Other_Families,3,29,295,337
icmadophila.ericetorum.2_tyr1798,Other_Families,37,29,278,344
icmadophila.ericetorum.1_tyr3161,Other_Families,46,29,278,750
dibaeis.baeomyces.1_tyr557,Other_Families,57,29,238,330
teratosphaeriaceae.sp..1_tyr278,Other_Families,32,37,241,369
baeomycetales.sp..4_tyr1237,Other_Families,60,29,365,2022
xylographa.vitiligo.2_tyr3270,Other_Families,101,29,365,1017
xylographa.parallela.1_tyr3961,Other_Families,101,29,365,1017
xylographa.bjoerkii.1_tyr1691,Other_Families,52,28,300,394
lasallia.pustulata.6_tyr21,Other_Families,70,32,242,653
lasallia.pustulata.4_tyr1054,Other_Families,70,32,242,653
lasallia.pustulata.5_tyr1065,Other_Families,70,32,242,653
lasallia.pustulata.7_tyr1800,Other_Families,70,32,242,653
lasallia.pustulata.1_tyr1977,Other_Families,70,32,242,653
lasallia.pustulata.2_tyr2479,Other_Families,70,32,242,653
lasallia.pustulata.3_tyr3932,Other_Families,70,32,242,653
umbilicaria.freyi.3_tyr816,Other_Families,70,32,242,653
umbilicaria.freyi.2_tyr1122,Other_Families,70,32,242,653
umbilicaria.freyi.1_tyr3455,Other_Families,70,32,242,653
lasallia.pustulata.7_tyr835,Other_Families,70,32,242,653
lasallia.pustulata.5_tyr3572,Other_Families,70,32,242,653
lasallia.pustulata.4_tyr1890,Other_Families,70,32,242,653
lasallia.pustulata.3_tyr853,Other_Families,70,32,242,653
lasallia.pustulata.2_tyr2794,Other_Families,70,32,242,653
umbilicaria.deusta.4_tyr2070,Other_Families,70,32,242,653
umbilicaria.hispanica.4_tyr2264,Other_Families,70,32,242,653
umbilicaria.mammulata.1_tyr2782,Other_Families,70,32,242,653
lasallia.papulosa.1_tyr2962,Other_Families,70,32,242,653
umbilicaria.spodochroa.4_tyr283,Other_Families,70,32,242,601
umbilicaria.hispanica.3_tyr421,Other_Families,57,32,242,638
umbilicaria.hispanica.3_tyr667,Other_Families,57,32,242,638
umbilicaria.subpolyphylla.1_tyr1033,Other_Families,56,32,242,621
umbilicaria.polyphylla.4_tyr2902,Other_Families,56,32,242,621
umbilicaria.iberica.1_tyr3832,Other_Families,56,32,242,621
umbilicaria.iberica.2_tyr3834,Other_Families,56,32,242,621
umbilicaria.crustulosa.2_tyr1388,Other_Families,56,32,242,621
lasallia.pustulata.3_tyr490,Other_Families,69,32,242,620
lasallia.pustulata.2_tyr1747,Other_Families,69,32,242,620
umbilicaria.spodochroa.2_tyr604,Other_Families,16,32,190,438
umbilicaria.crustulosa.1_tyr1415,Other_Families,70,32,259,419
umbilicaria.iberica.3_tyr466,Other_Families,70,32,242,580
umbilicaria.spodochroa.2_tyr2688,Other_Families,44,32,244,580
umbilicaria.spodochroa.1_tyr827,Other_Families,87,32,207,542
umbilicaria.spodochroa.3_tyr2016,Other_Families,87,32,207,542
umbilicaria.spodochroa.1_tyr2521,Other_Families,87,32,207,542
umbilicaria.hispanica.4_tyr3652,Other_Families,70,32,214,318
umbilicaria.polyphylla.1_tyr2679,Other_Families,70,32,207,441
umbilicaria.subpolyphylla.1_tyr998,Other_Families,70,32,174,495
umbilicaria.iberica.2_tyr2672,Other_Families,70,32,174,495
umbilicaria.deusta.1_tyr3547,Other_Families,70,32,207,525
umbilicaria.deusta.3_tyr4089,Other_Families,70,32,207,525
umbilicaria.deusta.2_tyr3550,Other_Families,70,32,196,519
umbilicaria.crustulosa.2_tyr1387,Other_Families,70,32,207,374
umbilicaria.crustulosa.1_tyr206,Other_Families,5,32,151,355
umbilicaria.freyi.3_tyr337,Other_Families,48,32,173,372
umbilicaria.freyi.1_tyr3377,Other_Families,48,32,173,372
umbilicaria.grisea.2_tyr666,Other_Families,48,32,169,433
umbilicaria.grisea.3_tyr1254,Other_Families,38,32,179,433
umbilicaria.grisea.1_tyr2933,Other_Families,38,32,179,433
umbilicaria.grisea.2_tyr2586,Other_Families,38,32,152,361
umbilicaria.polyphylla.4_tyr441,Other_Families,37,32,173,395
umbilicaria.nylanderiana.1_tyr1511,Other_Families,36,32,174,371
umbilicaria.subpolyphylla.1_tyr887,Other_Families,38,32,174,459
umbilicaria.iberica.2_tyr1992,Other_Families,38,32,174,459
umbilicaria.iberica.2_tyr1372,Other_Families,5,32,174,424
umbilicaria.subpolyphylla.1_tyr2940,Other_Families,5,32,174,424
umbilicaria.iberica.3_tyr1737,Other_Families,0,0,169,284
umbilicaria.polyphylla.4_tyr3048,Other_Families,0,0,169,315
umbilicaria.iberica.3_tyr2633,Other_Families,38,32,185,461
umbilicaria.polyphylla.3_tyr3734,Other_Families,38,32,174,450
umbilicaria.iberica.2_tyr3685,Other_Families,70,32,209,553
umbilicaria.subpolyphylla.1_tyr3996,Other_Families,70,32,209,553
umbilicaria.iberica.1_tyr3831,Other_Families,0,0,169,341
umbilicaria.nylanderiana.2_tyr1508,Other_Families,38,32,167,421
umbilicaria.polyphylla.4_tyr1696,Other_Families,70,32,209,489
umbilicaria.nylanderiana.2_tyr1507,Other_Families,38,32,174,390
umbilicaria.nylanderiana.2_tyr2047,Other_Families,38,32,174,372
umbilicaria.iberica.3_tyr1102,Other_Families,38,32,197,395
umbilicaria.americana.1_tyr2054,Other_Families,38,32,174,417
umbilicaria.vellea.1_tyr2395,Other_Families,36,32,172,413
umbilicaria.vellea.1_tyr1156,Other_Families,29,32,174,417
umbilicaria.muhlenbergii.1_tyr2677,Other_Families,0,0,151,324
umbilicaria.deusta.1_tyr347,Other_Families,38,32,173,481
umbilicaria.deusta.2_tyr2374,Other_Families,38,32,173,481
umbilicaria.deusta.4_tyr2873,Other_Families,70,32,171,505
umbilicaria.crustulosa.3_tyr1334,Other_Families,48,8,177,424
umbilicaria.grisea.2_tyr276,Other_Families,38,32,166,440
umbilicaria.crustulosa.2_tyr2373,Other_Families,38,32,180,473
umbilicaria.polyphylla.3_tyr825,Other_Families,70,32,183,469
umbilicaria.crustulosa.2_tyr2754,Other_Families,61,32,185,420
umbilicaria.polyphylla.1_tyr3306,Other_Families,38,32,180,457
umbilicaria.crustulosa.2_tyr1337,Other_Families,0,0,149,319
umbilicaria.polyphylla.4_tyr3117,Other_Families,70,32,188,503
umbilicaria.spodochroa.4_tyr4078,Other_Families,0,0,204,424
lasallia.pustulata.4_tyr2308,Other_Families,0,0,164,337
lasallia.pustulata.1_tyr3930,Other_Families,0,0,158,334
umbilicaria.freyi.1_tyr1081,Other_Families,0,0,114,267
umbilicaria.freyi.3_tyr2930,Other_Families,0,0,114,267
umbilicaria.polyphylla.1_tyr3045,Other_Families,11,3,166,398
stictis.urceolata.2_tyr2769,Other_Families,69,34,256,719
xanthoparmelia.verrucella.1_tyr1823,Other_Families,34,19,93,216
aspcos3_tyr926,Other_Families,48,18,194,272
dendriscocaulon.intricatulum.1_tyr934,Other_Families,45,20,147,258
delcon1_470772,Other_Families,58,16,188,316
arthonia.susa.1_tyr48,Other_Families,61,17,207,634
coniocarpon.cinnabarinum.1_tyr976,Other_Families,0,12,190,378
coniocarpon.cinnabarinum.2_tyr3781,Other_Families,0,12,202,390
arthonia.radiata.1_tyr1680,Other_Families,3,17,234,433
teratosphaeriaceae.sp..1_tyr1571,Other_Families,40,9,165,287
pseudosagedia.isidiata.1_tyr477,Other_Families,42,26,230,329
fissurina.insidiosa.1_tyr3590,Other_Families,46,26,226,378
diploschistes.diacapsis.1_tyr1051,Other_Families,0,0,170,302
lasallia.pustulata.7_tyr482,Other_Families,0,0,217,473
lasallia.pustulata.6_tyr1086,Other_Families,0,0,217,473
lasallia.pustulata.5_tyr2410,Other_Families,0,0,217,473
lasallia.pustulata.4_tyr1891,Other_Families,0,0,217,478
lasallia.pustulata.2_tyr2821,Other_Families,0,0,217,478
lasallia.pustulata.3_tyr3967,Other_Families,0,0,217,478
lasallia.pustulata.1_tyr3965,Other_Families,0,0,223,341
flavoplaca.austrocitrina.1_tyr1793,Other_Families,10,1,163,309
leprocaulon.nicholsiae.1_tyr3158,Other_Families,11,10,210,243
xanthoparmelia.taractica.1_tyr115,Other_Families,0,3,232,284
pseudevernia.cladonia.1_tyr3410,Other_Families,9,6,237,560
xanthoparmelia.tasmanica.1_tyr326,Other_Families,8,6,237,490
xanthoparmelia.verrucella.1_tyr798,Other_Families,9,6,237,486
xanthoparmelia.taractica.1_tyr3364,Other_Families,9,6,232,558
parmotrema.mellissii.1_tyr1453,Other_Families,5,6,209,262
parmeliaceae.sp..15_tyr2654,Other_Families,5,6,209,262
hypotrachyna.catawbiensis.1_tyr3019,Other_Families,9,6,233,539
platismatia.glauca.1_tyr3809,Other_Families,9,6,236,556
platismatia.glauca.2_tyr3892,Other_Families,9,6,236,556
cornicularia.normoerica.1_tyr3481,Other_Families,0,0,209,516
cornicularia.normoerica.2_tyr3836,Other_Families,0,0,189,462
pseudephebe.minuscula.1_tyr2975,Other_Families,0,0,153,231
lecanora.helva.1_tyr2151,Other_Families,9,6,254,579
parmeliaceae.sp..20_tyr1062,Other_Families,8,6,239,563
usnea.subscabrosa.1_tyr2298,Other_Families,8,6,239,563
usnea.cornuta.1_tyr2475,Other_Families,8,6,239,563
parmeliaceae.sp..10_tyr3523,Other_Families,8,6,239,563
pseudevernia.cladonia.1_tyr3840,Other_Families,8,6,239,563
usnea.cavernosa.1_tyr3290,Other_Families,8,6,239,563
hypotrachyna.osseoalba.1_tyr1699,Other_Families,8,6,169,443
pseudevernia.furfuracea.3_tyr1485,Other_Families,0,0,221,282
usnea.ceratina.1_tyr1637,Other_Families,0,0,190,232
parmeliaceae.sp..1_tyr2917,Other_Families,0,0,190,232
pectenia.plumbea.1_tyr2272,Other_Families,0,0,221,509
zwackhia.viridis.1_tyr855,Other_Families,32,10,178,484
coniocarpon.cinnabarinum.1_tyr1808,Other_Families,32,14,201,567
coniocarpon.cinnabarinum.2_tyr1478,Other_Families,0,11,253,514
trapelia.coarctata.1_tyr1301,Other_Families,32,19,241,315
trapelia.coarctata.1_tyr3411,Other_Families,7,6,241,549
icmadophila.ericetorum.2_tyr1799,Other_Families,0,5,254,452
icmadophila.ericetorum.1_tyr2978,Other_Families,0,5,254,452
chrysothrix.sp..1_tyr303,Other_Families,54,24,296,663
chrysothrix.sp..1_tyr2178,Other_Families,79,25,295,716
lecanora.hybocarpa.1_tyr563,Other_Families,38,30,252,634
lecanora.rugosella.1_tyr990,Other_Families,55,29,282,677
lecanora.helva.1_tyr4117,Other_Families,54,30,264,663
zwackhia.viridis.1_tyr611,Other_Families,5,4,312,623