subclass	superfamily	family	total_bp	mean_width	min_width	max_width	sd_width	mean_div	min_div	max_div	sd_div
DNA	Kolobok	RND-1_FAMILY-48	10159	1269.88	65	3318	1363.98	NA	NA	NA	NA
DNA	Kolobok	RND-1_FAMILY-75	31075	2219.64	100	6468	2588.85	NA	NA	NA	NA
DNA	MULE	RND-1_FAMILY-39	13509	1350.9	96	2776	968.4	NA	NA	NA	NA
DNA	MULE	RND-1_FAMILY-49	14026	1168.83	44	3283	1226.63	NA	NA	NA	NA
DNA	MULE	RND-1_FAMILY-56	5162	184.36	34	1038	228.47	NA	NA	NA	NA
LINE	Tad1	RND-1_FAMILY-1	955007	2581.1	40	11731	1962.23	NA	NA	NA	NA
LINE	Tad1	RND-1_FAMILY-5	1581	527	227	677	259.81	NA	NA	NA	NA
LINE	Tad1	RND-1_FAMILY-64	258715	2269.43	30	9462	2012.4	NA	NA	NA	NA
LINE	Tad1	RND-1_FAMILY-66	2944	368	210	679	195.77	NA	NA	NA	NA
LINE	Tad1	RND-1_FAMILY-73	3959	439.89	70	806	294.81	NA	NA	NA	NA
LINE	Tad1	RND-1_FAMILY-84	192959	1321.64	30	6346	1495.26	NA	NA	NA	NA
LTR	Copia	RND-1_FAMILY-11	132389	3483.92	67	6404	2470.4	NA	NA	NA	NA
LTR	Copia	RND-1_FAMILY-45	33692	2591.69	120	8822	2991.23	NA	NA	NA	NA
LTR	Copia	RND-1_FAMILY-57	23382	2338.2	29	5683	2846.18	NA	NA	NA	NA
LTR	Copia	RND-1_FAMILY-81	184521	2493.53	33	6340	2255.46	NA	NA	NA	NA
LTR	Copia	RND-3_FAMILY-34	131995	2749.9	82	6679	2425.23	NA	NA	NA	NA
LTR	Copia	RND-3_FAMILY-343	85593	2194.69	40	5643	2582.45	NA	NA	NA	NA
LTR	Gypsy	RND-1_FAMILY-17	68344	2010.12	34	6679	2430.94	NA	NA	NA	NA
LTR	Gypsy	RND-1_FAMILY-24	89704	2135.81	30	6223	2396.73	NA	NA	NA	NA
LTR	Gypsy	RND-1_FAMILY-28	247134	1445.23	25	7995	1998.71	NA	NA	NA	NA
LTR	Gypsy	RND-1_FAMILY-38	9313	1330.43	29	3384	1245.89	NA	NA	NA	NA
LTR	Gypsy	RND-1_FAMILY-47	125135	1925.15	40	7794	2242.33	NA	NA	NA	NA
LTR	Gypsy	RND-1_FAMILY-51	41988	3499	142	6989	2904.74	NA	NA	NA	NA
LTR	Gypsy	RND-1_FAMILY-54	32724	1363.5	27	6408	1715.38	NA	NA	NA	NA
LTR	Gypsy	RND-1_FAMILY-70	11174	1015.82	67	2255	946.1	NA	NA	NA	NA
LTR	Gypsy	RND-1_FAMILY-76	5912	656.89	36	1830	649.92	NA	NA	NA	NA
LTR	Gypsy	RND-1_FAMILY-86	16949	997	123	2921	1129.13	NA	NA	NA	NA
LTR	Gypsy	RND-1_FAMILY-92	29835	1570.26	15	8756	2988.32	NA	NA	NA	NA
LTR	Gypsy	RND-1_FAMILY-95	68	68	68	68	NA	NA	NA	NA	NA
LTR	Gypsy	RND-2_FAMILY-315	72436	2587	39	5859	2283.64	NA	NA	NA	NA
LTR	Gypsy	RND-2_FAMILY-39	83685	2391	66	6894	2609.85	NA	NA	NA	NA
LTR	Gypsy	RND-3_FAMILY-346	125866	2170.1	70	9843	2320.95	NA	NA	NA	NA
LTR	Gypsy	RND-3_FAMILY-92	99705	1917.4	14	7653	2091.66	NA	NA	NA	NA
Other	Low_complexity	A-RICH	4410	46.91	13	235	28.87	NA	NA	NA	NA
Other	Low_complexity	G-RICH	14736	56.68	11	236	31.54	NA	NA	NA	NA
Other	Low_complexity	GA-RICH	17748	55.46	13	211	28.78	NA	NA	NA	NA
Other	Simple_repeat	(A)N	829	29.61	17	179	29.71	NA	NA	NA	NA
Other	Simple_repeat	(AAAACC)N	34	34	34	34	NA	NA	NA	NA	NA
Other	Simple_repeat	(AAAAG)N	29	29	29	29	NA	NA	NA	NA	NA
Other	Simple_repeat	(AAAAGAA)N	36	36	36	36	NA	NA	NA	NA	NA
Other	Simple_repeat	(AAACC)N	28	28	28	28	NA	NA	NA	NA	NA
Other	Simple_repeat	(AAAGA)N	65	32.5	30	35	3.54	NA	NA	NA	NA
Other	Simple_repeat	(AAAGAGA)N	37	37	37	37	NA	NA	NA	NA	NA
Other	Simple_repeat	(AAC)N	378	31.5	21	62	12.06	NA	NA	NA	NA
Other	Simple_repeat	(AACA)N	22	22	22	22	NA	NA	NA	NA	NA
Other	Simple_repeat	(AACAAC)N	36	36	36	36	NA	NA	NA	NA	NA
Other	Simple_repeat	(AACACC)N	49	49	49	49	NA	NA	NA	NA	NA
Other	Simple_repeat	(AACACCC)N	41	41	41	41	NA	NA	NA	NA	NA
Other	Simple_repeat	(AACC)N	76	38	32	44	8.49	NA	NA	NA	NA
Other	Simple_repeat	(AACCA)N	31	31	31	31	NA	NA	NA	NA	NA
Other	Simple_repeat	(AACCAA)N	74	37	34	40	4.24	NA	NA	NA	NA
Other	Simple_repeat	(AACCACC)N	52	52	52	52	NA	NA	NA	NA	NA
Other	Simple_repeat	(AACCCC)N	171	57	57	57	0	NA	NA	NA	NA
Other	Simple_repeat	(AACCCCC)N	42	42	42	42	NA	NA	NA	NA	NA
Other	Simple_repeat	(AACCCT)N	128	128	128	128	NA	NA	NA	NA	NA
Other	Simple_repeat	(AACG)N	27	27	27	27	NA	NA	NA	NA	NA
Other	Simple_repeat	(AACGA)N	60	30	28	32	2.83	NA	NA	NA	NA
Other	Simple_repeat	(AACGAT)N	35	35	35	35	NA	NA	NA	NA	NA
Other	Simple_repeat	(AACGCCAG)N	63	63	63	63	NA	NA	NA	NA	NA
Other	Simple_repeat	(AACT)N	42	42	42	42	NA	NA	NA	NA	NA
Other	Simple_repeat	(AACTAT)N	69	69	69	69	NA	NA	NA	NA	NA
Other	Simple_repeat	(AAG)N	744	29.76	17	52	8.92	NA	NA	NA	NA
Other	Simple_repeat	(AAGA)N	131	32.75	24	41	8.5	NA	NA	NA	NA
Other	Simple_repeat	(AAGAA)N	27	27	27	27	NA	NA	NA	NA	NA
Other	Simple_repeat	(AAGAAC)N	82	82	82	82	NA	NA	NA	NA	NA
Other	Simple_repeat	(AAGACG)N	55	55	55	55	NA	NA	NA	NA	NA
Other	Simple_repeat	(AAGAGG)N	49	49	49	49	NA	NA	NA	NA	NA
Other	Simple_repeat	(AAGATA)N	464	464	464	464	NA	NA	NA	NA	NA
Other	Simple_repeat	(AAGATC)N	72	72	72	72	NA	NA	NA	NA	NA
Other	Simple_repeat	(AAGATG)N	33	33	33	33	NA	NA	NA	NA	NA
Other	Simple_repeat	(AAGC)N	80	26.67	22	31	4.51	NA	NA	NA	NA
Other	Simple_repeat	(AAGCAC)N	133	133	133	133	NA	NA	NA	NA	NA
Other	Simple_repeat	(AAGCCA)N	56	56	56	56	NA	NA	NA	NA	NA
Other	Simple_repeat	(AAGCTG)N	40	40	40	40	NA	NA	NA	NA	NA
Other	Simple_repeat	(AAGG)N	138	69	26	112	60.81	NA	NA	NA	NA
Other	Simple_repeat	(AAGGCA)N	38	38	38	38	NA	NA	NA	NA	NA
Other	Simple_repeat	(AAGGCAG)N	39	39	39	39	NA	NA	NA	NA	NA
Other	Simple_repeat	(AAGGG)N	24	24	24	24	NA	NA	NA	NA	NA
Other	Simple_repeat	(AAGGT)N	202	40.4	25	77	21.14	NA	NA	NA	NA
Other	Simple_repeat	(AAGGTA)N	30	30	30	30	NA	NA	NA	NA	NA
Other	Simple_repeat	(AAGTG)N	36	36	36	36	NA	NA	NA	NA	NA
Other	Simple_repeat	(AAGTTGG)N	47	47	47	47	NA	NA	NA	NA	NA
Other	Simple_repeat	(AAT)N	422	30.14	18	81	16.76	NA	NA	NA	NA
Other	Simple_repeat	(AATAAC)N	52	52	52	52	NA	NA	NA	NA	NA
Other	Simple_repeat	(AATAATA)N	41	41	41	41	NA	NA	NA	NA	NA
Other	Simple_repeat	(AATAG)N	46	46	46	46	NA	NA	NA	NA	NA
Other	Simple_repeat	(AATAGA)N	34	34	34	34	NA	NA	NA	NA	NA
Other	Simple_repeat	(AATATA)N	65	65	65	65	NA	NA	NA	NA	NA
Other	Simple_repeat	(AATC)N	225	32.14	25	46	8.43	NA	NA	NA	NA
Other	Simple_repeat	(AATCAACG)N	40	40	40	40	NA	NA	NA	NA	NA
Other	Simple_repeat	(AATCC)N	30	30	30	30	NA	NA	NA	NA	NA
Other	Simple_repeat	(AATCCC)N	31	31	31	31	NA	NA	NA	NA	NA
Other	Simple_repeat	(AATCGG)N	46	46	46	46	NA	NA	NA	NA	NA
Other	Simple_repeat	(AATCTC)N	57	57	57	57	NA	NA	NA	NA	NA
Other	Simple_repeat	(AATCTTT)N	85	85	85	85	NA	NA	NA	NA	NA
Other	Simple_repeat	(AATG)N	99	33	23	53	17.32	NA	NA	NA	NA
Other	Simple_repeat	(AATTCG)N	40	40	40	40	NA	NA	NA	NA	NA
Other	Simple_repeat	(AATTG)N	31	31	31	31	NA	NA	NA	NA	NA
Other	Simple_repeat	(AATTGGG)N	34	34	34	34	NA	NA	NA	NA	NA
Other	Simple_repeat	(AATTTA)N	40	40	40	40	NA	NA	NA	NA	NA
Other	Simple_repeat	(AC)N	443	34.08	19	58	12.32	NA	NA	NA	NA
Other	Simple_repeat	(ACA)N	816	38.86	17	89	24.21	NA	NA	NA	NA
Other	Simple_repeat	(ACAA)N	23	23	23	23	NA	NA	NA	NA	NA
Other	Simple_repeat	(ACAACCCC)N	57	57	57	57	NA	NA	NA	NA	NA
Other	Simple_repeat	(ACAATC)N	32	32	32	32	NA	NA	NA	NA	NA
Other	Simple_repeat	(ACAC)N	219	43.8	24	105	34.4	NA	NA	NA	NA
Other	Simple_repeat	(ACACAA)N	31	31	31	31	NA	NA	NA	NA	NA
Other	Simple_repeat	(ACACAC)N	35	35	35	35	NA	NA	NA	NA	NA
Other	Simple_repeat	(ACACACC)N	40	40	40	40	NA	NA	NA	NA	NA
Other	Simple_repeat	(ACACC)N	133	44.33	30	62	16.26	NA	NA	NA	NA
Other	Simple_repeat	(ACACCA)N	41	41	41	41	NA	NA	NA	NA	NA
Other	Simple_repeat	(ACACCC)N	50	50	50	50	NA	NA	NA	NA	NA
Other	Simple_repeat	(ACACCCA)N	42	42	42	42	NA	NA	NA	NA	NA
Other	Simple_repeat	(ACAGA)N	50	50	50	50	NA	NA	NA	NA	NA
Other	Simple_repeat	(ACAGAG)N	706	235.33	97	494	224.19	NA	NA	NA	NA
Other	Simple_repeat	(ACAGCA)N	147	73.5	39	108	48.79	NA	NA	NA	NA
Other	Simple_repeat	(ACAGCG)N	36	36	36	36	NA	NA	NA	NA	NA
Other	Simple_repeat	(ACAT)N	100	50	49	51	1.41	NA	NA	NA	NA
Other	Simple_repeat	(ACATCC)N	40	40	40	40	NA	NA	NA	NA	NA
Other	Simple_repeat	(ACATCTG)N	40	40	40	40	NA	NA	NA	NA	NA
Other	Simple_repeat	(ACC)N	1315	57.17	19	261	50.87	NA	NA	NA	NA
Other	Simple_repeat	(ACCA)N	128	42.67	25	78	30.6	NA	NA	NA	NA
Other	Simple_repeat	(ACCAAC)N	169	56.33	35	72	19.14	NA	NA	NA	NA
Other	Simple_repeat	(ACCAACAAT)N	49	49	49	49	NA	NA	NA	NA	NA
Other	Simple_repeat	(ACCACCC)N	9	9	9	9	NA	NA	NA	NA	NA
Other	Simple_repeat	(ACCACG)N	69	34.5	34	35	0.71	NA	NA	NA	NA
Other	Simple_repeat	(ACCAGC)N	40	40	40	40	NA	NA	NA	NA	NA
Other	Simple_repeat	(ACCAT)N	31	31	31	31	NA	NA	NA	NA	NA
Other	Simple_repeat	(ACCATCATT)N	45	45	45	45	NA	NA	NA	NA	NA
Other	Simple_repeat	(ACCATCG)N	46	46	46	46	NA	NA	NA	NA	NA
Other	Simple_repeat	(ACCC)N	228	57	44	72	13.22	NA	NA	NA	NA
Other	Simple_repeat	(ACCCA)N	28	28	28	28	NA	NA	NA	NA	NA
Other	Simple_repeat	(ACCCACC)N	51	51	51	51	NA	NA	NA	NA	NA
Other	Simple_repeat	(ACCCATCC)N	39	39	39	39	NA	NA	NA	NA	NA
Other	Simple_repeat	(ACCCC)N	38	38	38	38	NA	NA	NA	NA	NA
Other	Simple_repeat	(ACCCCA)N	30	30	30	30	NA	NA	NA	NA	NA
Other	Simple_repeat	(ACCCCC)N	105	35	8	63	27.51	NA	NA	NA	NA
Other	Simple_repeat	(ACCCCCC)N	60	60	60	60	NA	NA	NA	NA	NA
Other	Simple_repeat	(ACCCCGC)N	75	75	75	75	NA	NA	NA	NA	NA
Other	Simple_repeat	(ACCCTA)N	93	93	93	93	NA	NA	NA	NA	NA
Other	Simple_repeat	(ACCCTCA)N	40	40	40	40	NA	NA	NA	NA	NA
Other	Simple_repeat	(ACCCTCC)N	178	59.33	37	71	19.35	NA	NA	NA	NA
Other	Simple_repeat	(ACCCTCT)N	67	67	67	67	NA	NA	NA	NA	NA
Other	Simple_repeat	(ACCG)N	28	28	28	28	NA	NA	NA	NA	NA
Other	Simple_repeat	(ACCGACCCTC)N	66	66	66	66	NA	NA	NA	NA	NA
Other	Simple_repeat	(ACCGCC)N	88	88	88	88	NA	NA	NA	NA	NA
Other	Simple_repeat	(ACCGCCCAAG)N	43	43	43	43	NA	NA	NA	NA	NA
Other	Simple_repeat	(ACCGTA)N	34	34	34	34	NA	NA	NA	NA	NA
Other	Simple_repeat	(ACCT)N	71	35.5	32	39	4.95	NA	NA	NA	NA
Other	Simple_repeat	(ACCTACT)N	60	60	60	60	NA	NA	NA	NA	NA
Other	Simple_repeat	(ACCTCA)N	137	137	137	137	NA	NA	NA	NA	NA
Other	Simple_repeat	(ACCTCC)N	60	60	60	60	NA	NA	NA	NA	NA
Other	Simple_repeat	(ACCTT)N	84	42	30	54	16.97	NA	NA	NA	NA
Other	Simple_repeat	(ACCTTT)N	86	86	86	86	NA	NA	NA	NA	NA
Other	Simple_repeat	(ACG)N	363	36.3	17	73	20.19	NA	NA	NA	NA
Other	Simple_repeat	(ACGAAA)N	26	26	26	26	NA	NA	NA	NA	NA
Other	Simple_repeat	(ACGAAG)N	140	70	37	103	46.67	NA	NA	NA	NA
Other	Simple_repeat	(ACGACG)N	31	31	31	31	NA	NA	NA	NA	NA
Other	Simple_repeat	(ACGATG)N	130	65	36	94	41.01	NA	NA	NA	NA
Other	Simple_repeat	(ACGCAA)N	39	39	39	39	NA	NA	NA	NA	NA
Other	Simple_repeat	(ACGCCG)N	74	74	74	74	NA	NA	NA	NA	NA
Other	Simple_repeat	(ACGGAC)N	73	73	73	73	NA	NA	NA	NA	NA
Other	Simple_repeat	(ACGGTGG)N	62	62	62	62	NA	NA	NA	NA	NA
Other	Simple_repeat	(ACGTCC)N	47	47	47	47	NA	NA	NA	NA	NA
Other	Simple_repeat	(ACGTCT)N	35	35	35	35	NA	NA	NA	NA	NA
Other	Simple_repeat	(ACT)N	48	24	17	31	9.9	NA	NA	NA	NA
Other	Simple_repeat	(ACTAT)N	36	36	36	36	NA	NA	NA	NA	NA
Other	Simple_repeat	(ACTC)N	65	32.5	26	39	9.19	NA	NA	NA	NA
Other	Simple_repeat	(ACTCC)N	138	138	138	138	NA	NA	NA	NA	NA
Other	Simple_repeat	(ACTCCTC)N	46	46	46	46	NA	NA	NA	NA	NA
Other	Simple_repeat	(ACTGACT)N	45	45	45	45	NA	NA	NA	NA	NA
Other	Simple_repeat	(ACTGT)N	27	27	27	27	NA	NA	NA	NA	NA
Other	Simple_repeat	(ACTTCC)N	55	55	55	55	NA	NA	NA	NA	NA
Other	Simple_repeat	(ACTTCT)N	38	38	38	38	NA	NA	NA	NA	NA
Other	Simple_repeat	(AG)N	369	26.36	20	39	6.06	NA	NA	NA	NA
Other	Simple_repeat	(AGA)N	595	28.33	19	51	8.81	NA	NA	NA	NA
Other	Simple_repeat	(AGAA)N	81	27	24	30	3	NA	NA	NA	NA
Other	Simple_repeat	(AGAAA)N	37	37	37	37	NA	NA	NA	NA	NA
Other	Simple_repeat	(AGAAG)N	47	47	47	47	NA	NA	NA	NA	NA
Other	Simple_repeat	(AGAATGG)N	49	49	49	49	NA	NA	NA	NA	NA
Other	Simple_repeat	(AGACCG)N	155	155	155	155	NA	NA	NA	NA	NA
Other	Simple_repeat	(AGACG)N	36	36	36	36	NA	NA	NA	NA	NA
Other	Simple_repeat	(AGACGA)N	75	37.5	36	39	2.12	NA	NA	NA	NA
Other	Simple_repeat	(AGAGC)N	69	34.5	34	35	0.71	NA	NA	NA	NA
Other	Simple_repeat	(AGAGCA)N	38	38	38	38	NA	NA	NA	NA	NA
Other	Simple_repeat	(AGAGCC)N	99	33	33	33	0	NA	NA	NA	NA
Other	Simple_repeat	(AGAGG)N	27	27	27	27	NA	NA	NA	NA	NA
Other	Simple_repeat	(AGAGGAGTA)N	37	37	37	37	NA	NA	NA	NA	NA
Other	Simple_repeat	(AGAGGC)N	30	30	30	30	NA	NA	NA	NA	NA
Other	Simple_repeat	(AGAGGTG)N	46	46	46	46	NA	NA	NA	NA	NA
Other	Simple_repeat	(AGAGT)N	74	37	37	37	0	NA	NA	NA	NA
Other	Simple_repeat	(AGATA)N	81	40.5	31	50	13.44	NA	NA	NA	NA
Other	Simple_repeat	(AGATAT)N	35	35	35	35	NA	NA	NA	NA	NA
Other	Simple_repeat	(AGATGA)N	112	37.33	35	41	3.21	NA	NA	NA	NA
Other	Simple_repeat	(AGATGG)N	94	47	38	56	12.73	NA	NA	NA	NA
Other	Simple_repeat	(AGATGGA)N	57	57	57	57	NA	NA	NA	NA	NA
Other	Simple_repeat	(AGATTAT)N	55	55	55	55	NA	NA	NA	NA	NA
Other	Simple_repeat	(AGC)N	455	35	17	118	26.34	NA	NA	NA	NA
Other	Simple_repeat	(AGCA)N	37	37	37	37	NA	NA	NA	NA	NA
Other	Simple_repeat	(AGCAA)N	30	30	30	30	NA	NA	NA	NA	NA
Other	Simple_repeat	(AGCAAC)N	38	38	38	38	NA	NA	NA	NA	NA
Other	Simple_repeat	(AGCAC)N	84	42	40	44	2.83	NA	NA	NA	NA
Other	Simple_repeat	(AGCAGA)N	66	33	32	34	1.41	NA	NA	NA	NA
Other	Simple_repeat	(AGCATG)N	37	37	37	37	NA	NA	NA	NA	NA
Other	Simple_repeat	(AGCC)N	53	26.5	21	32	7.78	NA	NA	NA	NA
Other	Simple_repeat	(AGCCCCTG)N	34	34	34	34	NA	NA	NA	NA	NA
Other	Simple_repeat	(AGCCGG)N	43	43	43	43	NA	NA	NA	NA	NA
Other	Simple_repeat	(AGCCT)N	57	57	57	57	NA	NA	NA	NA	NA
Other	Simple_repeat	(AGCG)N	51	25.5	25	26	0.71	NA	NA	NA	NA
Other	Simple_repeat	(AGCGGT)N	75	75	75	75	NA	NA	NA	NA	NA
Other	Simple_repeat	(AGCT)N	36	36	36	36	NA	NA	NA	NA	NA
Other	Simple_repeat	(AGCTAA)N	41	41	41	41	NA	NA	NA	NA	NA
Other	Simple_repeat	(AGCTGA)N	45	45	45	45	NA	NA	NA	NA	NA
Other	Simple_repeat	(AGCTTC)N	45	45	45	45	NA	NA	NA	NA	NA
Other	Simple_repeat	(AGCTTTT)N	43	43	43	43	NA	NA	NA	NA	NA
Other	Simple_repeat	(AGG)N	171	28.5	20	49	10.56	NA	NA	NA	NA
Other	Simple_repeat	(AGGA)N	27	27	27	27	NA	NA	NA	NA	NA
Other	Simple_repeat	(AGGAA)N	32	32	32	32	NA	NA	NA	NA	NA
Other	Simple_repeat	(AGGAAGG)N	129	129	129	129	NA	NA	NA	NA	NA
Other	Simple_repeat	(AGGAGA)N	40	40	40	40	NA	NA	NA	NA	NA
Other	Simple_repeat	(AGGAGC)N	70	70	70	70	NA	NA	NA	NA	NA
Other	Simple_repeat	(AGGAT)N	79	79	79	79	NA	NA	NA	NA	NA
Other	Simple_repeat	(AGGATG)N	32	32	32	32	NA	NA	NA	NA	NA
Other	Simple_repeat	(AGGC)N	25	25	25	25	NA	NA	NA	NA	NA
Other	Simple_repeat	(AGGCA)N	28	28	28	28	NA	NA	NA	NA	NA
Other	Simple_repeat	(AGGG)N	67	33.5	24	43	13.44	NA	NA	NA	NA
Other	Simple_repeat	(AGGGAAG)N	30	30	30	30	NA	NA	NA	NA	NA
Other	Simple_repeat	(AGGGACAGGG)N	45	45	45	45	NA	NA	NA	NA	NA
Other	Simple_repeat	(AGGGG)N	49	24.5	15	34	13.44	NA	NA	NA	NA
Other	Simple_repeat	(AGGGGA)N	48	48	48	48	NA	NA	NA	NA	NA
Other	Simple_repeat	(AGGGGAA)N	151	151	151	151	NA	NA	NA	NA	NA
Other	Simple_repeat	(AGGGGGA)N	36	36	36	36	NA	NA	NA	NA	NA
Other	Simple_repeat	(AGGGGGGA)N	38	38	38	38	NA	NA	NA	NA	NA
Other	Simple_repeat	(AGGGGTC)N	33	33	33	33	NA	NA	NA	NA	NA
Other	Simple_repeat	(AGGT)N	239	39.83	25	69	17.75	NA	NA	NA	NA
Other	Simple_repeat	(AGGTA)N	135	33.75	28	39	4.79	NA	NA	NA	NA
Other	Simple_repeat	(AGGTAG)N	32	32	32	32	NA	NA	NA	NA	NA
Other	Simple_repeat	(AGGTCA)N	29	29	29	29	NA	NA	NA	NA	NA
Other	Simple_repeat	(AGGTCG)N	45	45	45	45	NA	NA	NA	NA	NA
Other	Simple_repeat	(AGGTGG)N	71	35.5	35	36	0.71	NA	NA	NA	NA
Other	Simple_repeat	(AGT)N	165	33	17	49	11.9	NA	NA	NA	NA
Other	Simple_repeat	(AGTAC)N	41	41	41	41	NA	NA	NA	NA	NA
Other	Simple_repeat	(AGTACTC)N	48	48	48	48	NA	NA	NA	NA	NA
Other	Simple_repeat	(AGTAG)N	60	30	26	34	5.66	NA	NA	NA	NA
Other	Simple_repeat	(AGTATA)N	29	29	29	29	NA	NA	NA	NA	NA
Other	Simple_repeat	(AGTCT)N	44	44	44	44	NA	NA	NA	NA	NA
Other	Simple_repeat	(AGTG)N	28	28	28	28	NA	NA	NA	NA	NA
Other	Simple_repeat	(AGTGCC)N	50	50	50	50	NA	NA	NA	NA	NA
Other	Simple_repeat	(AGTGCTG)N	41	41	41	41	NA	NA	NA	NA	NA
Other	Simple_repeat	(AGTGGC)N	33	33	33	33	NA	NA	NA	NA	NA
Other	Simple_repeat	(AGTGGT)N	25	25	25	25	NA	NA	NA	NA	NA
Other	Simple_repeat	(AGTGGTG)N	56	56	56	56	NA	NA	NA	NA	NA
Other	Simple_repeat	(AGTTGATG)N	52	52	52	52	NA	NA	NA	NA	NA
Other	Simple_repeat	(AT)N	343	34.3	20	77	20.29	NA	NA	NA	NA
Other	Simple_repeat	(ATA)N	46	23	22	24	1.41	NA	NA	NA	NA
Other	Simple_repeat	(ATAATT)N	43	43	43	43	NA	NA	NA	NA	NA
Other	Simple_repeat	(ATAATTT)N	65	65	65	65	NA	NA	NA	NA	NA
Other	Simple_repeat	(ATAC)N	23	23	23	23	NA	NA	NA	NA	NA
Other	Simple_repeat	(ATACT)N	80	40	34	46	8.49	NA	NA	NA	NA
Other	Simple_repeat	(ATAGA)N	66	66	66	66	NA	NA	NA	NA	NA
Other	Simple_repeat	(ATAGATG)N	57	57	57	57	NA	NA	NA	NA	NA
Other	Simple_repeat	(ATAGGA)N	36	36	36	36	NA	NA	NA	NA	NA
Other	Simple_repeat	(ATAGTA)N	37	37	37	37	NA	NA	NA	NA	NA
Other	Simple_repeat	(ATAT)N	71	35.5	32	39	4.95	NA	NA	NA	NA
Other	Simple_repeat	(ATATA)N	30	30	30	30	NA	NA	NA	NA	NA
Other	Simple_repeat	(ATATT)N	62	62	62	62	NA	NA	NA	NA	NA
Other	Simple_repeat	(ATC)N	521	37.21	24	75	14.58	NA	NA	NA	NA
Other	Simple_repeat	(ATCAC)N	92	92	92	92	NA	NA	NA	NA	NA
Other	Simple_repeat	(ATCAGCATC)N	69	69	69	69	NA	NA	NA	NA	NA
Other	Simple_repeat	(ATCAGGT)N	43	43	43	43	NA	NA	NA	NA	NA
Other	Simple_repeat	(ATCAT)N	52	52	52	52	NA	NA	NA	NA	NA
Other	Simple_repeat	(ATCC)N	191	31.83	23	39	5.27	NA	NA	NA	NA
Other	Simple_repeat	(ATCCC)N	149	49.67	28	71	21.5	NA	NA	NA	NA
Other	Simple_repeat	(ATCCCC)N	42	42	42	42	NA	NA	NA	NA	NA
Other	Simple_repeat	(ATCCCT)N	58	58	58	58	NA	NA	NA	NA	NA
Other	Simple_repeat	(ATCCTC)N	69	69	69	69	NA	NA	NA	NA	NA
Other	Simple_repeat	(ATCCTCA)N	43	43	43	43	NA	NA	NA	NA	NA
Other	Simple_repeat	(ATCCTT)N	31	31	31	31	NA	NA	NA	NA	NA
Other	Simple_repeat	(ATCGAGG)N	35	35	35	35	NA	NA	NA	NA	NA
Other	Simple_repeat	(ATCGGA)N	36	36	36	36	NA	NA	NA	NA	NA
Other	Simple_repeat	(ATCTAAC)N	53	53	53	53	NA	NA	NA	NA	NA
Other	Simple_repeat	(ATCTAC)N	32	32	32	32	NA	NA	NA	NA	NA
Other	Simple_repeat	(ATCTATG)N	33	33	33	33	NA	NA	NA	NA	NA
Other	Simple_repeat	(ATCTC)N	162	40.5	29	57	13.1	NA	NA	NA	NA
Other	Simple_repeat	(ATCTCAA)N	40	40	40	40	NA	NA	NA	NA	NA
Other	Simple_repeat	(ATCTCC)N	126	42	36	46	5.29	NA	NA	NA	NA
Other	Simple_repeat	(ATCTGCA)N	87	43.5	42	45	2.12	NA	NA	NA	NA
Other	Simple_repeat	(ATCTGGC)N	38	38	38	38	NA	NA	NA	NA	NA
Other	Simple_repeat	(ATCTT)N	32	32	32	32	NA	NA	NA	NA	NA
Other	Simple_repeat	(ATCTTC)N	52	52	52	52	NA	NA	NA	NA	NA
Other	Simple_repeat	(ATCTTCC)N	74	74	74	74	NA	NA	NA	NA	NA
Other	Simple_repeat	(ATG)N	374	37.4	23	65	12.46	NA	NA	NA	NA
Other	Simple_repeat	(ATGA)N	35	35	35	35	NA	NA	NA	NA	NA
Other	Simple_repeat	(ATGAAG)N	80	40	13	67	38.18	NA	NA	NA	NA
Other	Simple_repeat	(ATGAG)N	35	35	35	35	NA	NA	NA	NA	NA
Other	Simple_repeat	(ATGAGG)N	36	36	36	36	NA	NA	NA	NA	NA
Other	Simple_repeat	(ATGATTG)N	55	55	55	55	NA	NA	NA	NA	NA
Other	Simple_repeat	(ATGCAGA)N	50	50	50	50	NA	NA	NA	NA	NA
Other	Simple_repeat	(ATGCCA)N	39	39	39	39	NA	NA	NA	NA	NA
Other	Simple_repeat	(ATGCT)N	48	48	48	48	NA	NA	NA	NA	NA
Other	Simple_repeat	(ATGCTGGGG)N	47	47	47	47	NA	NA	NA	NA	NA
Other	Simple_repeat	(ATGG)N	203	40.6	30	52	8.76	NA	NA	NA	NA
Other	Simple_repeat	(ATGGC)N	35	35	35	35	NA	NA	NA	NA	NA
Other	Simple_repeat	(ATGGGG)N	31	31	31	31	NA	NA	NA	NA	NA
Other	Simple_repeat	(ATGGT)N	28	28	28	28	NA	NA	NA	NA	NA
Other	Simple_repeat	(ATGT)N	115	57.5	36	79	30.41	NA	NA	NA	NA
Other	Simple_repeat	(ATGTAC)N	30	30	30	30	NA	NA	NA	NA	NA
Other	Simple_repeat	(ATGTCC)N	39	39	39	39	NA	NA	NA	NA	NA
Other	Simple_repeat	(ATGTG)N	35	35	35	35	NA	NA	NA	NA	NA
Other	Simple_repeat	(ATGTGT)N	52	52	52	52	NA	NA	NA	NA	NA
Other	Simple_repeat	(ATT)N	63	31.5	20	43	16.26	NA	NA	NA	NA
Other	Simple_repeat	(ATTA)N	30	30	30	30	NA	NA	NA	NA	NA
Other	Simple_repeat	(ATTAAG)N	35	35	35	35	NA	NA	NA	NA	NA
Other	Simple_repeat	(ATTAG)N	40	40	40	40	NA	NA	NA	NA	NA
Other	Simple_repeat	(ATTAGG)N	35	35	35	35	NA	NA	NA	NA	NA
Other	Simple_repeat	(ATTAGT)N	41	41	41	41	NA	NA	NA	NA	NA
Other	Simple_repeat	(ATTAT)N	76	38	29	47	12.73	NA	NA	NA	NA
Other	Simple_repeat	(ATTATATA)N	90	90	90	90	NA	NA	NA	NA	NA
Other	Simple_repeat	(ATTCG)N	33	33	33	33	NA	NA	NA	NA	NA
Other	Simple_repeat	(ATTCTC)N	48	48	48	48	NA	NA	NA	NA	NA
Other	Simple_repeat	(ATTG)N	104	34.67	26	51	14.15	NA	NA	NA	NA
Other	Simple_repeat	(ATTGA)N	31	31	31	31	NA	NA	NA	NA	NA
Other	Simple_repeat	(ATTGATA)N	38	38	38	38	NA	NA	NA	NA	NA
Other	Simple_repeat	(ATTTA)N	36	36	36	36	NA	NA	NA	NA	NA
Other	Simple_repeat	(ATTTC)N	73	73	73	73	NA	NA	NA	NA	NA
Other	Simple_repeat	(ATTTCG)N	80	40	36	44	5.66	NA	NA	NA	NA
Other	Simple_repeat	(C)N	2895	26.32	17	98	9.48	NA	NA	NA	NA
Other	Simple_repeat	(CA)N	614	36.12	17	164	34.49	NA	NA	NA	NA
Other	Simple_repeat	(CAA)N	1445	33.6	7	84	15.65	NA	NA	NA	NA
Other	Simple_repeat	(CAAA)N	27	27	27	27	NA	NA	NA	NA	NA
Other	Simple_repeat	(CAAAG)N	136	136	136	136	NA	NA	NA	NA	NA
Other	Simple_repeat	(CAACA)N	27	27	27	27	NA	NA	NA	NA	NA
Other	Simple_repeat	(CAACAA)N	52	52	52	52	NA	NA	NA	NA	NA
Other	Simple_repeat	(CAACAAC)N	44	44	44	44	NA	NA	NA	NA	NA
Other	Simple_repeat	(CAACAC)N	41	41	41	41	NA	NA	NA	NA	NA
Other	Simple_repeat	(CAACACC)N	86	43	41	45	2.83	NA	NA	NA	NA
Other	Simple_repeat	(CAACAG)N	79	39.5	34	45	7.78	NA	NA	NA	NA
Other	Simple_repeat	(CAACC)N	71	35.5	33	38	3.54	NA	NA	NA	NA
Other	Simple_repeat	(CAACCA)N	104	34.67	31	37	3.21	NA	NA	NA	NA
Other	Simple_repeat	(CAACCAC)N	37	37	37	37	NA	NA	NA	NA	NA
Other	Simple_repeat	(CAACCC)N	43	43	43	43	NA	NA	NA	NA	NA
Other	Simple_repeat	(CAACCCCG)N	54	54	54	54	NA	NA	NA	NA	NA
Other	Simple_repeat	(CAACGGTAA)N	43	43	43	43	NA	NA	NA	NA	NA
Other	Simple_repeat	(CAAG)N	28	28	28	28	NA	NA	NA	NA	NA
Other	Simple_repeat	(CAAGAA)N	39	39	39	39	NA	NA	NA	NA	NA
Other	Simple_repeat	(CAAGCTC)N	29	29	29	29	NA	NA	NA	NA	NA
Other	Simple_repeat	(CAAGGA)N	9	9	9	9	NA	NA	NA	NA	NA
Other	Simple_repeat	(CAAT)N	81	27	23	31	4	NA	NA	NA	NA
Other	Simple_repeat	(CAATC)N	77	38.5	32	45	9.19	NA	NA	NA	NA
Other	Simple_repeat	(CAC)N	1406	42.61	11	104	22.86	NA	NA	NA	NA
Other	Simple_repeat	(CACA)N	30	30	30	30	NA	NA	NA	NA	NA
Other	Simple_repeat	(CACAAC)N	77	38.5	37	40	2.12	NA	NA	NA	NA
Other	Simple_repeat	(CACAACCAC)N	55	55	55	55	NA	NA	NA	NA	NA
Other	Simple_repeat	(CACAAGAAG)N	79	79	79	79	NA	NA	NA	NA	NA
Other	Simple_repeat	(CACACC)N	45	45	45	45	NA	NA	NA	NA	NA
Other	Simple_repeat	(CACAGA)N	41	41	41	41	NA	NA	NA	NA	NA
Other	Simple_repeat	(CACATC)N	89	44.5	32	57	17.68	NA	NA	NA	NA
Other	Simple_repeat	(CACC)N	303	75.75	34	117	44.86	NA	NA	NA	NA
Other	Simple_repeat	(CACCAA)N	187	46.75	34	73	17.75	NA	NA	NA	NA
Other	Simple_repeat	(CACCAAC)N	55	55	55	55	NA	NA	NA	NA	NA
Other	Simple_repeat	(CACCAC)N	45	45	45	45	NA	NA	NA	NA	NA
Other	Simple_repeat	(CACCACC)N	60	60	60	60	NA	NA	NA	NA	NA
Other	Simple_repeat	(CACCAT)N	244	48.8	33	71	14.67	NA	NA	NA	NA
Other	Simple_repeat	(CACCATT)N	41	41	41	41	NA	NA	NA	NA	NA
Other	Simple_repeat	(CACCCA)N	80	40	35	45	7.07	NA	NA	NA	NA
Other	Simple_repeat	(CACCCC)N	64	64	64	64	NA	NA	NA	NA	NA
Other	Simple_repeat	(CACCCCTGAA)N	46	46	46	46	NA	NA	NA	NA	NA
Other	Simple_repeat	(CACCCG)N	38	38	38	38	NA	NA	NA	NA	NA
Other	Simple_repeat	(CACCCGCT)N	46	46	46	46	NA	NA	NA	NA	NA
Other	Simple_repeat	(CACCCT)N	34	34	34	34	NA	NA	NA	NA	NA
Other	Simple_repeat	(CACCCTT)N	88	44	40	48	5.66	NA	NA	NA	NA
Other	Simple_repeat	(CACCGA)N	42	42	42	42	NA	NA	NA	NA	NA
Other	Simple_repeat	(CACCGC)N	37	37	37	37	NA	NA	NA	NA	NA
Other	Simple_repeat	(CACCTC)N	47	47	47	47	NA	NA	NA	NA	NA
Other	Simple_repeat	(CACCTCC)N	69	69	69	69	NA	NA	NA	NA	NA
Other	Simple_repeat	(CACCTT)N	32	32	32	32	NA	NA	NA	NA	NA
Other	Simple_repeat	(CACCTTC)N	65	65	65	65	NA	NA	NA	NA	NA
Other	Simple_repeat	(CACGA)N	47	47	47	47	NA	NA	NA	NA	NA
Other	Simple_repeat	(CACGATCCA)N	51	51	51	51	NA	NA	NA	NA	NA
Other	Simple_repeat	(CACGTTG)N	34	34	34	34	NA	NA	NA	NA	NA
Other	Simple_repeat	(CACT)N	67	33.5	33	34	0.71	NA	NA	NA	NA
Other	Simple_repeat	(CACTCCC)N	65	65	65	65	NA	NA	NA	NA	NA
Other	Simple_repeat	(CACTCCG)N	34	34	34	34	NA	NA	NA	NA	NA
Other	Simple_repeat	(CAG)N	1060	36.55	17	73	16.58	NA	NA	NA	NA
Other	Simple_repeat	(CAGA)N	70	35	30	40	7.07	NA	NA	NA	NA
Other	Simple_repeat	(CAGAA)N	43	43	43	43	NA	NA	NA	NA	NA
Other	Simple_repeat	(CAGAAG)N	76	38	36	40	2.83	NA	NA	NA	NA
Other	Simple_repeat	(CAGAGA)N	50	50	50	50	NA	NA	NA	NA	NA
Other	Simple_repeat	(CAGATGGGG)N	53	53	53	53	NA	NA	NA	NA	NA
Other	Simple_repeat	(CAGC)N	118	29.5	23	46	11.03	NA	NA	NA	NA
Other	Simple_repeat	(CAGCA)N	58	29	28	30	1.41	NA	NA	NA	NA
Other	Simple_repeat	(CAGCAA)N	309	61.8	27	164	57.39	NA	NA	NA	NA
Other	Simple_repeat	(CAGCAC)N	7	7	7	7	NA	NA	NA	NA	NA
Other	Simple_repeat	(CAGCACTAC)N	47	47	47	47	NA	NA	NA	NA	NA
Other	Simple_repeat	(CAGCAGCAA)N	115	57.5	38	77	27.58	NA	NA	NA	NA
Other	Simple_repeat	(CAGCATCA)N	295	295	295	295	NA	NA	NA	NA	NA
Other	Simple_repeat	(CAGCCA)N	46	46	46	46	NA	NA	NA	NA	NA
Other	Simple_repeat	(CAGCTA)N	55	55	55	55	NA	NA	NA	NA	NA
Other	Simple_repeat	(CAGGA)N	45	45	45	45	NA	NA	NA	NA	NA
Other	Simple_repeat	(CAGGAG)N	39	39	39	39	NA	NA	NA	NA	NA
Other	Simple_repeat	(CAGGATG)N	66	66	66	66	NA	NA	NA	NA	NA
Other	Simple_repeat	(CAGT)N	42	42	42	42	NA	NA	NA	NA	NA
Other	Simple_repeat	(CAGTA)N	34	34	34	34	NA	NA	NA	NA	NA
Other	Simple_repeat	(CAGTGG)N	33	33	33	33	NA	NA	NA	NA	NA
Other	Simple_repeat	(CAGTTC)N	34	34	34	34	NA	NA	NA	NA	NA
Other	Simple_repeat	(CAT)N	1279	35.53	18	112	18.74	NA	NA	NA	NA
Other	Simple_repeat	(CATA)N	22	22	22	22	NA	NA	NA	NA	NA
Other	Simple_repeat	(CATAC)N	48	48	48	48	NA	NA	NA	NA	NA
Other	Simple_repeat	(CATACC)N	100	50	42	58	11.31	NA	NA	NA	NA
Other	Simple_repeat	(CATACTC)N	51	51	51	51	NA	NA	NA	NA	NA
Other	Simple_repeat	(CATATT)N	31	31	31	31	NA	NA	NA	NA	NA
Other	Simple_repeat	(CATC)N	459	45.9	26	74	17.3	NA	NA	NA	NA
Other	Simple_repeat	(CATCA)N	110	55	36	74	26.87	NA	NA	NA	NA
Other	Simple_repeat	(CATCAC)N	55	55	55	55	NA	NA	NA	NA	NA
Other	Simple_repeat	(CATCACC)N	53	53	53	53	NA	NA	NA	NA	NA
Other	Simple_repeat	(CATCACGC)N	42	42	42	42	NA	NA	NA	NA	NA
Other	Simple_repeat	(CATCAG)N	42	42	42	42	NA	NA	NA	NA	NA
Other	Simple_repeat	(CATCAT)N	84	42	38	46	5.66	NA	NA	NA	NA
Other	Simple_repeat	(CATCATC)N	38	38	38	38	NA	NA	NA	NA	NA
Other	Simple_repeat	(CATCC)N	73	36.5	28	45	12.02	NA	NA	NA	NA
Other	Simple_repeat	(CATCCAGG)N	41	41	41	41	NA	NA	NA	NA	NA
Other	Simple_repeat	(CATCCC)N	262	131	102	160	41.01	NA	NA	NA	NA
Other	Simple_repeat	(CATCCCC)N	75	75	75	75	NA	NA	NA	NA	NA
Other	Simple_repeat	(CATCCCG)N	38	38	38	38	NA	NA	NA	NA	NA
Other	Simple_repeat	(CATCCT)N	337	67.4	36	112	33.86	NA	NA	NA	NA
Other	Simple_repeat	(CATCCTC)N	45	45	45	45	NA	NA	NA	NA	NA
Other	Simple_repeat	(CATCGAC)N	33	33	33	33	NA	NA	NA	NA	NA
Other	Simple_repeat	(CATCGC)N	77	38.5	36	41	3.54	NA	NA	NA	NA
Other	Simple_repeat	(CATCGT)N	40	40	40	40	NA	NA	NA	NA	NA
Other	Simple_repeat	(CATCTA)N	49	49	49	49	NA	NA	NA	NA	NA
Other	Simple_repeat	(CATCTC)N	230	76.67	44	129	45.79	NA	NA	NA	NA
Other	Simple_repeat	(CATCTG)N	67	67	67	67	NA	NA	NA	NA	NA
Other	Simple_repeat	(CATCTT)N	65	32.5	24	41	12.02	NA	NA	NA	NA
Other	Simple_repeat	(CATGCC)N	34	34	34	34	NA	NA	NA	NA	NA
Other	Simple_repeat	(CATGGTGGG)N	41	41	41	41	NA	NA	NA	NA	NA
Other	Simple_repeat	(CATT)N	57	28.5	25	32	4.95	NA	NA	NA	NA
Other	Simple_repeat	(CATTCAT)N	55	55	55	55	NA	NA	NA	NA	NA
Other	Simple_repeat	(CATTCC)N	34	34	34	34	NA	NA	NA	NA	NA
Other	Simple_repeat	(CATTGA)N	42	42	42	42	NA	NA	NA	NA	NA
Other	Simple_repeat	(CATTT)N	58	58	58	58	NA	NA	NA	NA	NA
Other	Simple_repeat	(CATTTC)N	73	36.5	29	44	10.61	NA	NA	NA	NA
Other	Simple_repeat	(CC)N	145	48.33	41	62	11.85	NA	NA	NA	NA
Other	Simple_repeat	(CCA)N	2136	41.08	17	86	15.71	NA	NA	NA	NA
Other	Simple_repeat	(CCAA)N	127	31.75	26	40	6.24	NA	NA	NA	NA
Other	Simple_repeat	(CCAAA)N	58	58	58	58	NA	NA	NA	NA	NA
Other	Simple_repeat	(CCAAAGGACG)N	50	50	50	50	NA	NA	NA	NA	NA
Other	Simple_repeat	(CCAACA)N	191	38.2	28	56	11.01	NA	NA	NA	NA
Other	Simple_repeat	(CCAACAC)N	42	42	42	42	NA	NA	NA	NA	NA
Other	Simple_repeat	(CCAACC)N	193	64.33	39	95	28.38	NA	NA	NA	NA
Other	Simple_repeat	(CCAACCC)N	41	41	41	41	NA	NA	NA	NA	NA
Other	Simple_repeat	(CCAACGC)N	65	65	65	65	NA	NA	NA	NA	NA
Other	Simple_repeat	(CCAACTC)N	54	54	54	54	NA	NA	NA	NA	NA
Other	Simple_repeat	(CCAAT)N	38	38	38	38	NA	NA	NA	NA	NA
Other	Simple_repeat	(CCAATC)N	36	36	36	36	NA	NA	NA	NA	NA
Other	Simple_repeat	(CCAC)N	217	54.25	27	114	40.38	NA	NA	NA	NA
Other	Simple_repeat	(CCACA)N	25	25	25	25	NA	NA	NA	NA	NA
Other	Simple_repeat	(CCACAA)N	132	66	46	86	28.28	NA	NA	NA	NA
Other	Simple_repeat	(CCACAT)N	39	39	39	39	NA	NA	NA	NA	NA
Other	Simple_repeat	(CCACC)N	28	28	28	28	NA	NA	NA	NA	NA
Other	Simple_repeat	(CCACCAC)N	59	59	59	59	NA	NA	NA	NA	NA
Other	Simple_repeat	(CCACCC)N	194	97	85	109	16.97	NA	NA	NA	NA
Other	Simple_repeat	(CCACCCC)N	28	28	28	28	NA	NA	NA	NA	NA
Other	Simple_repeat	(CCACCG)N	223	55.75	38	99	29.11	NA	NA	NA	NA
Other	Simple_repeat	(CCACCT)N	464	51.56	34	73	14.25	NA	NA	NA	NA
Other	Simple_repeat	(CCACCTT)N	39	39	39	39	NA	NA	NA	NA	NA
Other	Simple_repeat	(CCACGA)N	39	39	39	39	NA	NA	NA	NA	NA
Other	Simple_repeat	(CCACGG)N	38	38	38	38	NA	NA	NA	NA	NA
Other	Simple_repeat	(CCACGGT)N	38	38	38	38	NA	NA	NA	NA	NA
Other	Simple_repeat	(CCACT)N	38	38	38	38	NA	NA	NA	NA	NA
Other	Simple_repeat	(CCACTCA)N	37	37	37	37	NA	NA	NA	NA	NA
Other	Simple_repeat	(CCACTG)N	69	69	69	69	NA	NA	NA	NA	NA
Other	Simple_repeat	(CCAGAG)N	68	34	30	38	5.66	NA	NA	NA	NA
Other	Simple_repeat	(CCAGC)N	34	34	34	34	NA	NA	NA	NA	NA
Other	Simple_repeat	(CCAGCA)N	95	47.5	33	62	20.51	NA	NA	NA	NA
Other	Simple_repeat	(CCAGCG)N	39	39	39	39	NA	NA	NA	NA	NA
Other	Simple_repeat	(CCAGCT)N	78	39	38	40	1.41	NA	NA	NA	NA
Other	Simple_repeat	(CCAT)N	452	50.22	22	155	41.18	NA	NA	NA	NA
Other	Simple_repeat	(CCATA)N	32	32	32	32	NA	NA	NA	NA	NA
Other	Simple_repeat	(CCATAC)N	46	46	46	46	NA	NA	NA	NA	NA
Other	Simple_repeat	(CCATAT)N	36	36	36	36	NA	NA	NA	NA	NA
Other	Simple_repeat	(CCATC)N	63	31.5	31	32	0.71	NA	NA	NA	NA
Other	Simple_repeat	(CCATCA)N	91	45.5	40	51	7.78	NA	NA	NA	NA
Other	Simple_repeat	(CCATCAT)N	38	38	38	38	NA	NA	NA	NA	NA
Other	Simple_repeat	(CCATCC)N	181	45.25	31	53	10.4	NA	NA	NA	NA
Other	Simple_repeat	(CCATCCC)N	284	94.67	36	150	57.07	NA	NA	NA	NA
Other	Simple_repeat	(CCATCTC)N	92	46	36	56	14.14	NA	NA	NA	NA
Other	Simple_repeat	(CCATG)N	39	39	39	39	NA	NA	NA	NA	NA
Other	Simple_repeat	(CCATT)N	58	29	27	31	2.83	NA	NA	NA	NA
Other	Simple_repeat	(CCC)N	92	46	39	53	9.9	NA	NA	NA	NA
Other	Simple_repeat	(CCCA)N	50	50	50	50	NA	NA	NA	NA	NA
Other	Simple_repeat	(CCCAACC)N	118	118	118	118	NA	NA	NA	NA	NA
Other	Simple_repeat	(CCCAAT)N	40	40	40	40	NA	NA	NA	NA	NA
Other	Simple_repeat	(CCCAATC)N	36	36	36	36	NA	NA	NA	NA	NA
Other	Simple_repeat	(CCCAC)N	168	56	28	102	40.15	NA	NA	NA	NA
Other	Simple_repeat	(CCCACC)N	73	36.5	34	39	3.54	NA	NA	NA	NA
Other	Simple_repeat	(CCCACCC)N	140	70	38	102	45.25	NA	NA	NA	NA
Other	Simple_repeat	(CCCACTC)N	52	52	52	52	NA	NA	NA	NA	NA
Other	Simple_repeat	(CCCAT)N	116	29	9	52	17.64	NA	NA	NA	NA
Other	Simple_repeat	(CCCATA)N	33	33	33	33	NA	NA	NA	NA	NA
Other	Simple_repeat	(CCCATC)N	61	61	61	61	NA	NA	NA	NA	NA
Other	Simple_repeat	(CCCATCT)N	41	41	41	41	NA	NA	NA	NA	NA
Other	Simple_repeat	(CCCATT)N	25	25	25	25	NA	NA	NA	NA	NA
Other	Simple_repeat	(CCCATTC)N	66	66	66	66	NA	NA	NA	NA	NA
Other	Simple_repeat	(CCCC)N	227	56.75	47	85	18.84	NA	NA	NA	NA
Other	Simple_repeat	(CCCCA)N	190	47.5	39	53	6.19	NA	NA	NA	NA
Other	Simple_repeat	(CCCCAA)N	212	53	33	65	13.88	NA	NA	NA	NA
Other	Simple_repeat	(CCCCAAC)N	53	53	53	53	NA	NA	NA	NA	NA
Other	Simple_repeat	(CCCCAC)N	66	66	66	66	NA	NA	NA	NA	NA
Other	Simple_repeat	(CCCCACC)N	12	12	12	12	NA	NA	NA	NA	NA
Other	Simple_repeat	(CCCCACT)N	83	83	83	83	NA	NA	NA	NA	NA
Other	Simple_repeat	(CCCCAT)N	167	41.75	33	59	11.87	NA	NA	NA	NA
Other	Simple_repeat	(CCCCC)N	48	48	48	48	NA	NA	NA	NA	NA
Other	Simple_repeat	(CCCCCA)N	302	60.4	16	163	59.52	NA	NA	NA	NA
Other	Simple_repeat	(CCCCCAA)N	207	51.75	35	83	22.68	NA	NA	NA	NA
Other	Simple_repeat	(CCCCCAG)N	63	63	63	63	NA	NA	NA	NA	NA
Other	Simple_repeat	(CCCCCAT)N	120	60	53	67	9.9	NA	NA	NA	NA
Other	Simple_repeat	(CCCCCG)N	34	34	34	34	NA	NA	NA	NA	NA
Other	Simple_repeat	(CCCCCT)N	308	61.6	38	96	23.65	NA	NA	NA	NA
Other	Simple_repeat	(CCCCG)N	31	31	31	31	NA	NA	NA	NA	NA
Other	Simple_repeat	(CCCCGA)N	45	45	45	45	NA	NA	NA	NA	NA
Other	Simple_repeat	(CCCCGC)N	34	34	34	34	NA	NA	NA	NA	NA
Other	Simple_repeat	(CCCCT)N	350	70	28	122	35.46	NA	NA	NA	NA
Other	Simple_repeat	(CCCCTC)N	191	47.75	26	66	17.56	NA	NA	NA	NA
Other	Simple_repeat	(CCCCTT)N	234	46.8	30	62	14.62	NA	NA	NA	NA
Other	Simple_repeat	(CCCCTTT)N	112	56	42	70	19.8	NA	NA	NA	NA
Other	Simple_repeat	(CCCG)N	29	29	29	29	NA	NA	NA	NA	NA
Other	Simple_repeat	(CCCGAA)N	44	44	44	44	NA	NA	NA	NA	NA
Other	Simple_repeat	(CCCGATC)N	50	50	50	50	NA	NA	NA	NA	NA
Other	Simple_repeat	(CCCGCC)N	102	51	34	68	24.04	NA	NA	NA	NA
Other	Simple_repeat	(CCCGT)N	32	32	32	32	NA	NA	NA	NA	NA
Other	Simple_repeat	(CCCT)N	745	49.67	7	151	34.23	NA	NA	NA	NA
Other	Simple_repeat	(CCCTA)N	30	30	30	30	NA	NA	NA	NA	NA
Other	Simple_repeat	(CCCTAA)N	31	31	31	31	NA	NA	NA	NA	NA
Other	Simple_repeat	(CCCTC)N	60	30	27	33	4.24	NA	NA	NA	NA
Other	Simple_repeat	(CCCTCAA)N	96	96	96	96	NA	NA	NA	NA	NA
Other	Simple_repeat	(CCCTCC)N	281	56.2	26	113	35.24	NA	NA	NA	NA
Other	Simple_repeat	(CCCTCCC)N	94	47	45	49	2.83	NA	NA	NA	NA
Other	Simple_repeat	(CCCTCCT)N	53	53	53	53	NA	NA	NA	NA	NA
Other	Simple_repeat	(CCCTCCTT)N	168	168	168	168	NA	NA	NA	NA	NA
Other	Simple_repeat	(CCCTCG)N	164	82	42	122	56.57	NA	NA	NA	NA
Other	Simple_repeat	(CCCTCT)N	224	44.8	39	55	7.26	NA	NA	NA	NA
Other	Simple_repeat	(CCCTCTC)N	21	21	21	21	NA	NA	NA	NA	NA
Other	Simple_repeat	(CCCTT)N	282	56.4	37	113	32.28	NA	NA	NA	NA
Other	Simple_repeat	(CCCTTC)N	353	176.5	119	234	81.32	NA	NA	NA	NA
Other	Simple_repeat	(CCCTTCCT)N	81	81	81	81	NA	NA	NA	NA	NA
Other	Simple_repeat	(CCCTTT)N	100	50	45	55	7.07	NA	NA	NA	NA
Other	Simple_repeat	(CCCTTTC)N	40	40	40	40	NA	NA	NA	NA	NA
Other	Simple_repeat	(CCCTTTT)N	35	35	35	35	NA	NA	NA	NA	NA
Other	Simple_repeat	(CCG)N	382	34.73	17	60	15.34	NA	NA	NA	NA
Other	Simple_repeat	(CCGAAG)N	34	34	34	34	NA	NA	NA	NA	NA
Other	Simple_repeat	(CCGACT)N	43	43	43	43	NA	NA	NA	NA	NA
Other	Simple_repeat	(CCGAGA)N	50	50	50	50	NA	NA	NA	NA	NA
Other	Simple_repeat	(CCGAGT)N	34	34	34	34	NA	NA	NA	NA	NA
Other	Simple_repeat	(CCGATC)N	33	33	33	33	NA	NA	NA	NA	NA
Other	Simple_repeat	(CCGATT)N	36	36	36	36	NA	NA	NA	NA	NA
Other	Simple_repeat	(CCGCA)N	70	70	70	70	NA	NA	NA	NA	NA
Other	Simple_repeat	(CCGCAG)N	31	31	31	31	NA	NA	NA	NA	NA
Other	Simple_repeat	(CCGCCGC)N	46	46	46	46	NA	NA	NA	NA	NA
Other	Simple_repeat	(CCGCCT)N	56	56	56	56	NA	NA	NA	NA	NA
Other	Simple_repeat	(CCGCGC)N	41	41	41	41	NA	NA	NA	NA	NA
Other	Simple_repeat	(CCGCGCC)N	91	91	91	91	NA	NA	NA	NA	NA
Other	Simple_repeat	(CCGG)N	22	22	22	22	NA	NA	NA	NA	NA
Other	Simple_repeat	(CCGGCAT)N	83	83	83	83	NA	NA	NA	NA	NA
Other	Simple_repeat	(CCGGCG)N	39	39	39	39	NA	NA	NA	NA	NA
Other	Simple_repeat	(CCGTCA)N	96	48	32	64	22.63	NA	NA	NA	NA
Other	Simple_repeat	(CCGTCG)N	45	45	45	45	NA	NA	NA	NA	NA
Other	Simple_repeat	(CCT)N	4924	45.59	17	153	22.43	NA	NA	NA	NA
Other	Simple_repeat	(CCTA)N	53	26.5	21	32	7.78	NA	NA	NA	NA
Other	Simple_repeat	(CCTACA)N	46	46	46	46	NA	NA	NA	NA	NA
Other	Simple_repeat	(CCTAGC)N	36	36	36	36	NA	NA	NA	NA	NA
Other	Simple_repeat	(CCTC)N	581	41.5	24	70	15.13	NA	NA	NA	NA
Other	Simple_repeat	(CCTCAA)N	40	40	40	40	NA	NA	NA	NA	NA
Other	Simple_repeat	(CCTCAC)N	165	55	49	66	9.54	NA	NA	NA	NA
Other	Simple_repeat	(CCTCAG)N	190	63.33	36	105	36.67	NA	NA	NA	NA
Other	Simple_repeat	(CCTCAT)N	380	47.5	8	98	30.76	NA	NA	NA	NA
Other	Simple_repeat	(CCTCC)N	370	52.86	8	105	36.05	NA	NA	NA	NA
Other	Simple_repeat	(CCTCCA)N	308	61.6	25	117	35.84	NA	NA	NA	NA
Other	Simple_repeat	(CCTCCAC)N	58	58	58	58	NA	NA	NA	NA	NA
Other	Simple_repeat	(CCTCCAT)N	53	53	53	53	NA	NA	NA	NA	NA
Other	Simple_repeat	(CCTCCC)N	400	66.67	35	176	54.65	NA	NA	NA	NA
Other	Simple_repeat	(CCTCCCC)N	239	119.5	96	143	33.23	NA	NA	NA	NA
Other	Simple_repeat	(CCTCCCCCT)N	46	46	46	46	NA	NA	NA	NA	NA
Other	Simple_repeat	(CCTCCG)N	58	58	58	58	NA	NA	NA	NA	NA
Other	Simple_repeat	(CCTCCT)N	600	100	50	215	59.02	NA	NA	NA	NA
Other	Simple_repeat	(CCTCCTA)N	49	49	49	49	NA	NA	NA	NA	NA
Other	Simple_repeat	(CCTCCTC)N	102	51	48	54	4.24	NA	NA	NA	NA
Other	Simple_repeat	(CCTCG)N	281	35.12	35	36	0.35	NA	NA	NA	NA
Other	Simple_repeat	(CCTCGA)N	44	44	44	44	NA	NA	NA	NA	NA
Other	Simple_repeat	(CCTCGACC)N	34	34	34	34	NA	NA	NA	NA	NA
Other	Simple_repeat	(CCTCGACCT)N	176	44	37	47	4.69	NA	NA	NA	NA
Other	Simple_repeat	(CCTCGC)N	97	48.5	31	66	24.75	NA	NA	NA	NA
Other	Simple_repeat	(CCTCGG)N	32	32	32	32	NA	NA	NA	NA	NA
Other	Simple_repeat	(CCTCGT)N	58	58	58	58	NA	NA	NA	NA	NA
Other	Simple_repeat	(CCTCT)N	83	27.67	26	29	1.53	NA	NA	NA	NA
Other	Simple_repeat	(CCTCTA)N	47	47	47	47	NA	NA	NA	NA	NA
Other	Simple_repeat	(CCTCTC)N	79	39.5	25	54	20.51	NA	NA	NA	NA
Other	Simple_repeat	(CCTCTCC)N	93	93	93	93	NA	NA	NA	NA	NA
Other	Simple_repeat	(CCTCTT)N	35	35	35	35	NA	NA	NA	NA	NA
Other	Simple_repeat	(CCTG)N	26	26	26	26	NA	NA	NA	NA	NA
Other	Simple_repeat	(CCTGAT)N	45	45	45	45	NA	NA	NA	NA	NA
Other	Simple_repeat	(CCTGC)N	43	43	43	43	NA	NA	NA	NA	NA
Other	Simple_repeat	(CCTGT)N	32	32	32	32	NA	NA	NA	NA	NA
Other	Simple_repeat	(CCTGTC)N	64	32	32	32	0	NA	NA	NA	NA
Other	Simple_repeat	(CCTT)N	231	38.5	24	69	17.17	NA	NA	NA	NA
Other	Simple_repeat	(CCTTC)N	120	40	18	55	19.47	NA	NA	NA	NA
Other	Simple_repeat	(CCTTCA)N	32	32	32	32	NA	NA	NA	NA	NA
Other	Simple_repeat	(CCTTCAT)N	46	46	46	46	NA	NA	NA	NA	NA
Other	Simple_repeat	(CCTTCC)N	149	74.5	61	88	19.09	NA	NA	NA	NA
Other	Simple_repeat	(CCTTCCC)N	42	42	42	42	NA	NA	NA	NA	NA
Other	Simple_repeat	(CCTTCG)N	135	67.5	33	102	48.79	NA	NA	NA	NA
Other	Simple_repeat	(CCTTCT)N	142	71	42	100	41.01	NA	NA	NA	NA
Other	Simple_repeat	(CCTTCTTCC)N	80	80	80	80	NA	NA	NA	NA	NA
Other	Simple_repeat	(CCTTTC)N	185	46.25	37	67	13.94	NA	NA	NA	NA
Other	Simple_repeat	(CCTTTTC)N	104	104	104	104	NA	NA	NA	NA	NA
Other	Simple_repeat	(CGA)N	664	39.06	19	77	15.93	NA	NA	NA	NA
Other	Simple_repeat	(CGAACC)N	46	46	46	46	NA	NA	NA	NA	NA
Other	Simple_repeat	(CGAAG)N	31	31	31	31	NA	NA	NA	NA	NA
Other	Simple_repeat	(CGAAGA)N	45	45	45	45	NA	NA	NA	NA	NA
Other	Simple_repeat	(CGAAGG)N	35	35	35	35	NA	NA	NA	NA	NA
Other	Simple_repeat	(CGAAT)N	43	43	43	43	NA	NA	NA	NA	NA
Other	Simple_repeat	(CGACAC)N	47	47	47	47	NA	NA	NA	NA	NA
Other	Simple_repeat	(CGACAG)N	87	87	87	87	NA	NA	NA	NA	NA
Other	Simple_repeat	(CGACAT)N	35	35	35	35	NA	NA	NA	NA	NA
Other	Simple_repeat	(CGACATG)N	62	62	62	62	NA	NA	NA	NA	NA
Other	Simple_repeat	(CGAGAG)N	256	256	256	256	NA	NA	NA	NA	NA
Other	Simple_repeat	(CGAGAT)N	32	32	32	32	NA	NA	NA	NA	NA
Other	Simple_repeat	(CGAGG)N	31	31	31	31	NA	NA	NA	NA	NA
Other	Simple_repeat	(CGAGGA)N	120	40	32	46	7.21	NA	NA	NA	NA
Other	Simple_repeat	(CGAGGAAA)N	91	91	91	91	NA	NA	NA	NA	NA
Other	Simple_repeat	(CGATCG)N	54	54	54	54	NA	NA	NA	NA	NA
Other	Simple_repeat	(CGATGA)N	27	27	27	27	NA	NA	NA	NA	NA
Other	Simple_repeat	(CGATGG)N	31	31	31	31	NA	NA	NA	NA	NA
Other	Simple_repeat	(CGC)N	348	43.5	17	69	21.08	NA	NA	NA	NA
Other	Simple_repeat	(CGCA)N	24	24	24	24	NA	NA	NA	NA	NA
Other	Simple_repeat	(CGCAGC)N	52	52	52	52	NA	NA	NA	NA	NA
Other	Simple_repeat	(CGCAGT)N	26	26	26	26	NA	NA	NA	NA	NA
Other	Simple_repeat	(CGCATTC)N	34	34	34	34	NA	NA	NA	NA	NA
Other	Simple_repeat	(CGCC)N	39	39	39	39	NA	NA	NA	NA	NA
Other	Simple_repeat	(CGCCAA)N	34	34	34	34	NA	NA	NA	NA	NA
Other	Simple_repeat	(CGCCCC)N	95	47.5	34	61	19.09	NA	NA	NA	NA
Other	Simple_repeat	(CGCCGA)N	32	32	32	32	NA	NA	NA	NA	NA
Other	Simple_repeat	(CGCCGC)N	38	38	38	38	NA	NA	NA	NA	NA
Other	Simple_repeat	(CGCCT)N	192	32	32	32	0	NA	NA	NA	NA
Other	Simple_repeat	(CGCCTCC)N	52	52	52	52	NA	NA	NA	NA	NA
Other	Simple_repeat	(CGCCTG)N	44	44	44	44	NA	NA	NA	NA	NA
Other	Simple_repeat	(CGCGAGA)N	42	42	42	42	NA	NA	NA	NA	NA
Other	Simple_repeat	(CGCGAT)N	84	84	84	84	NA	NA	NA	NA	NA
Other	Simple_repeat	(CGCGGCT)N	51	51	51	51	NA	NA	NA	NA	NA
Other	Simple_repeat	(CGCGGT)N	70	70	70	70	NA	NA	NA	NA	NA
Other	Simple_repeat	(CGCTCA)N	37	37	37	37	NA	NA	NA	NA	NA
Other	Simple_repeat	(CGCTCT)N	18	18	18	18	NA	NA	NA	NA	NA
Other	Simple_repeat	(CGCTGA)N	30	30	30	30	NA	NA	NA	NA	NA
Other	Simple_repeat	(CGCTGC)N	37	37	37	37	NA	NA	NA	NA	NA
Other	Simple_repeat	(CGG)N	755	34.32	19	95	16.38	NA	NA	NA	NA
Other	Simple_repeat	(CGGAGA)N	69	69	69	69	NA	NA	NA	NA	NA
Other	Simple_repeat	(CGGAGG)N	57	57	57	57	NA	NA	NA	NA	NA
Other	Simple_repeat	(CGGAGT)N	63	63	63	63	NA	NA	NA	NA	NA
Other	Simple_repeat	(CGGATT)N	32	32	32	32	NA	NA	NA	NA	NA
Other	Simple_repeat	(CGGCAT)N	33	33	33	33	NA	NA	NA	NA	NA
Other	Simple_repeat	(CGGCGC)N	50	50	50	50	NA	NA	NA	NA	NA
Other	Simple_repeat	(CGGCGG)N	60	60	60	60	NA	NA	NA	NA	NA
Other	Simple_repeat	(CGGCTT)N	39	39	39	39	NA	NA	NA	NA	NA
Other	Simple_repeat	(CGGTGC)N	37	37	37	37	NA	NA	NA	NA	NA
Other	Simple_repeat	(CGGTGG)N	35	35	35	35	NA	NA	NA	NA	NA
Other	Simple_repeat	(CGT)N	339	33.9	19	49	11.59	NA	NA	NA	NA
Other	Simple_repeat	(CGTA)N	24	24	24	24	NA	NA	NA	NA	NA
Other	Simple_repeat	(CGTAA)N	31	31	31	31	NA	NA	NA	NA	NA
Other	Simple_repeat	(CGTAGAG)N	38	38	38	38	NA	NA	NA	NA	NA
Other	Simple_repeat	(CGTAT)N	26	26	26	26	NA	NA	NA	NA	NA
Other	Simple_repeat	(CGTCAC)N	53	53	53	53	NA	NA	NA	NA	NA
Other	Simple_repeat	(CGTCAT)N	52	26	13	39	18.38	NA	NA	NA	NA
Other	Simple_repeat	(CGTCGC)N	50	50	50	50	NA	NA	NA	NA	NA
Other	Simple_repeat	(CGTCGT)N	38	38	38	38	NA	NA	NA	NA	NA
Other	Simple_repeat	(CGTCT)N	26	26	26	26	NA	NA	NA	NA	NA
Other	Simple_repeat	(CGTG)N	21	21	21	21	NA	NA	NA	NA	NA
Other	Simple_repeat	(CGTTAT)N	40	40	40	40	NA	NA	NA	NA	NA
Other	Simple_repeat	(CGTTGG)N	36	36	36	36	NA	NA	NA	NA	NA
Other	Simple_repeat	(CT)N	715	34.05	17	104	21.3	NA	NA	NA	NA
Other	Simple_repeat	(CTA)N	71	71	71	71	NA	NA	NA	NA	NA
Other	Simple_repeat	(CTAC)N	63	31.5	25	38	9.19	NA	NA	NA	NA
Other	Simple_repeat	(CTACA)N	35	35	35	35	NA	NA	NA	NA	NA
Other	Simple_repeat	(CTACCAA)N	38	38	38	38	NA	NA	NA	NA	NA
Other	Simple_repeat	(CTACGA)N	37	37	37	37	NA	NA	NA	NA	NA
Other	Simple_repeat	(CTACT)N	28	28	28	28	NA	NA	NA	NA	NA
Other	Simple_repeat	(CTATA)N	24	24	24	24	NA	NA	NA	NA	NA
Other	Simple_repeat	(CTATATA)N	62	62	62	62	NA	NA	NA	NA	NA
Other	Simple_repeat	(CTATCT)N	33	33	33	33	NA	NA	NA	NA	NA
Other	Simple_repeat	(CTATT)N	61	61	61	61	NA	NA	NA	NA	NA
Other	Simple_repeat	(CTC)N	3255	62.6	16	192	41.31	NA	NA	NA	NA
Other	Simple_repeat	(CTCA)N	36	36	36	36	NA	NA	NA	NA	NA
Other	Simple_repeat	(CTCAAAT)N	47	47	47	47	NA	NA	NA	NA	NA
Other	Simple_repeat	(CTCAC)N	92	46	36	56	14.14	NA	NA	NA	NA
Other	Simple_repeat	(CTCACAT)N	113	113	113	113	NA	NA	NA	NA	NA
Other	Simple_repeat	(CTCAGT)N	34	34	34	34	NA	NA	NA	NA	NA
Other	Simple_repeat	(CTCATA)N	52	52	52	52	NA	NA	NA	NA	NA
Other	Simple_repeat	(CTCC)N	202	33.67	22	58	13	NA	NA	NA	NA
Other	Simple_repeat	(CTCCA)N	47	47	47	47	NA	NA	NA	NA	NA
Other	Simple_repeat	(CTCCAA)N	32	32	32	32	NA	NA	NA	NA	NA
Other	Simple_repeat	(CTCCAC)N	96	48	34	62	19.8	NA	NA	NA	NA
Other	Simple_repeat	(CTCCAT)N	89	89	89	89	NA	NA	NA	NA	NA
Other	Simple_repeat	(CTCCATC)N	39	39	39	39	NA	NA	NA	NA	NA
Other	Simple_repeat	(CTCCC)N	281	35.12	9	57	16.4	NA	NA	NA	NA
Other	Simple_repeat	(CTCCCA)N	40	40	40	40	NA	NA	NA	NA	NA
Other	Simple_repeat	(CTCCCAC)N	104	104	104	104	NA	NA	NA	NA	NA
Other	Simple_repeat	(CTCCCAT)N	48	48	48	48	NA	NA	NA	NA	NA
Other	Simple_repeat	(CTCCCC)N	225	112.5	82	143	43.13	NA	NA	NA	NA
Other	Simple_repeat	(CTCCCCA)N	62	62	62	62	NA	NA	NA	NA	NA
Other	Simple_repeat	(CTCCCCT)N	41	41	41	41	NA	NA	NA	NA	NA
Other	Simple_repeat	(CTCCCGA)N	37	37	37	37	NA	NA	NA	NA	NA
Other	Simple_repeat	(CTCCCT)N	212	53	31	78	22.61	NA	NA	NA	NA
Other	Simple_repeat	(CTCCCTGTCC)N	52	52	52	52	NA	NA	NA	NA	NA
Other	Simple_repeat	(CTCCG)N	28	28	28	28	NA	NA	NA	NA	NA
Other	Simple_repeat	(CTCCGA)N	40	40	40	40	NA	NA	NA	NA	NA
Other	Simple_repeat	(CTCCGC)N	204	102	70	134	45.25	NA	NA	NA	NA
Other	Simple_repeat	(CTCCGT)N	65	65	65	65	NA	NA	NA	NA	NA
Other	Simple_repeat	(CTCCT)N	79	26.33	26	27	0.58	NA	NA	NA	NA
Other	Simple_repeat	(CTCCTAC)N	55	55	55	55	NA	NA	NA	NA	NA
Other	Simple_repeat	(CTCCTC)N	288	72	48	109	28.58	NA	NA	NA	NA
Other	Simple_repeat	(CTCCTCC)N	49	49	49	49	NA	NA	NA	NA	NA
Other	Simple_repeat	(CTCCTCTTC)N	267	267	267	267	NA	NA	NA	NA	NA
Other	Simple_repeat	(CTCCTG)N	32	32	32	32	NA	NA	NA	NA	NA
Other	Simple_repeat	(CTCCTT)N	364	72.8	31	178	60.74	NA	NA	NA	NA
Other	Simple_repeat	(CTCCTTCTC)N	57	57	57	57	NA	NA	NA	NA	NA
Other	Simple_repeat	(CTCGAC)N	30	30	30	30	NA	NA	NA	NA	NA
Other	Simple_repeat	(CTCGC)N	31	31	31	31	NA	NA	NA	NA	NA
Other	Simple_repeat	(CTCGCC)N	61	61	61	61	NA	NA	NA	NA	NA
Other	Simple_repeat	(CTCGCT)N	32	32	32	32	NA	NA	NA	NA	NA
Other	Simple_repeat	(CTCGGA)N	42	42	42	42	NA	NA	NA	NA	NA
Other	Simple_repeat	(CTCGGT)N	45	45	45	45	NA	NA	NA	NA	NA
Other	Simple_repeat	(CTCGTC)N	179	44.75	35	66	14.29	NA	NA	NA	NA
Other	Simple_repeat	(CTCGTT)N	31	31	31	31	NA	NA	NA	NA	NA
Other	Simple_repeat	(CTCT)N	63	31.5	24	39	10.61	NA	NA	NA	NA
Other	Simple_repeat	(CTCTACA)N	51	51	51	51	NA	NA	NA	NA	NA
Other	Simple_repeat	(CTCTC)N	189	47.25	30	65	14.31	NA	NA	NA	NA
Other	Simple_repeat	(CTCTCC)N	140	70	64	76	8.49	NA	NA	NA	NA
Other	Simple_repeat	(CTCTCCA)N	136	68	45	91	32.53	NA	NA	NA	NA
Other	Simple_repeat	(CTCTCCC)N	53	53	53	53	NA	NA	NA	NA	NA
Other	Simple_repeat	(CTCTCG)N	69	34.5	32	37	3.54	NA	NA	NA	NA
Other	Simple_repeat	(CTCTCTT)N	59	59	59	59	NA	NA	NA	NA	NA
Other	Simple_repeat	(CTCTG)N	28	28	28	28	NA	NA	NA	NA	NA
Other	Simple_repeat	(CTCTTC)N	84	42	36	48	8.49	NA	NA	NA	NA
Other	Simple_repeat	(CTCTTCC)N	47	47	47	47	NA	NA	NA	NA	NA
Other	Simple_repeat	(CTCTTCCATC)N	53	53	53	53	NA	NA	NA	NA	NA
Other	Simple_repeat	(CTCTTCT)N	45	45	45	45	NA	NA	NA	NA	NA
Other	Simple_repeat	(CTCTTGT)N	38	38	38	38	NA	NA	NA	NA	NA
Other	Simple_repeat	(CTG)N	568	33.41	17	65	13.85	NA	NA	NA	NA
Other	Simple_repeat	(CTGA)N	65	65	65	65	NA	NA	NA	NA	NA
Other	Simple_repeat	(CTGAACC)N	30	30	30	30	NA	NA	NA	NA	NA
Other	Simple_repeat	(CTGAT)N	29	29	29	29	NA	NA	NA	NA	NA
Other	Simple_repeat	(CTGATT)N	38	38	38	38	NA	NA	NA	NA	NA
Other	Simple_repeat	(CTGCC)N	63	63	63	63	NA	NA	NA	NA	NA
Other	Simple_repeat	(CTGCCAG)N	37	37	37	37	NA	NA	NA	NA	NA
Other	Simple_repeat	(CTGCCCG)N	36	36	36	36	NA	NA	NA	NA	NA
Other	Simple_repeat	(CTGCCT)N	66	66	66	66	NA	NA	NA	NA	NA
Other	Simple_repeat	(CTGCT)N	27	27	27	27	NA	NA	NA	NA	NA
Other	Simple_repeat	(CTGCTC)N	164	54.67	34	71	18.88	NA	NA	NA	NA
Other	Simple_repeat	(CTGG)N	69	23	21	25	2	NA	NA	NA	NA
Other	Simple_repeat	(CTGGAA)N	25	25	25	25	NA	NA	NA	NA	NA
Other	Simple_repeat	(CTGGTG)N	44	44	44	44	NA	NA	NA	NA	NA
Other	Simple_repeat	(CTGGTT)N	37	37	37	37	NA	NA	NA	NA	NA
Other	Simple_repeat	(CTGTG)N	33	33	33	33	NA	NA	NA	NA	NA
Other	Simple_repeat	(CTGTGTT)N	35	35	35	35	NA	NA	NA	NA	NA
Other	Simple_repeat	(CTT)N	1397	35.82	17	90	16.44	NA	NA	NA	NA
Other	Simple_repeat	(CTTAC)N	46	46	46	46	NA	NA	NA	NA	NA
Other	Simple_repeat	(CTTAG)N	38	38	38	38	NA	NA	NA	NA	NA
Other	Simple_repeat	(CTTC)N	357	35.7	23	54	10.07	NA	NA	NA	NA
Other	Simple_repeat	(CTTCC)N	96	48	28	68	28.28	NA	NA	NA	NA
Other	Simple_repeat	(CTTCCC)N	113	37.67	31	49	9.87	NA	NA	NA	NA
Other	Simple_repeat	(CTTCCCC)N	82	82	82	82	NA	NA	NA	NA	NA
Other	Simple_repeat	(CTTCCCT)N	50	50	50	50	NA	NA	NA	NA	NA
Other	Simple_repeat	(CTTCCGC)N	39	39	39	39	NA	NA	NA	NA	NA
Other	Simple_repeat	(CTTCCGT)N	56	56	56	56	NA	NA	NA	NA	NA
Other	Simple_repeat	(CTTCCT)N	242	60.5	37	115	36.97	NA	NA	NA	NA
Other	Simple_repeat	(CTTCCTC)N	37	37	37	37	NA	NA	NA	NA	NA
Other	Simple_repeat	(CTTCCTT)N	45	45	45	45	NA	NA	NA	NA	NA
Other	Simple_repeat	(CTTCGG)N	41	41	41	41	NA	NA	NA	NA	NA
Other	Simple_repeat	(CTTCGT)N	143	71.5	39	104	45.96	NA	NA	NA	NA
Other	Simple_repeat	(CTTCT)N	77	38.5	38	39	0.71	NA	NA	NA	NA
Other	Simple_repeat	(CTTCTAC)N	46	46	46	46	NA	NA	NA	NA	NA
Other	Simple_repeat	(CTTCTC)N	103	51.5	35	68	23.33	NA	NA	NA	NA
Other	Simple_repeat	(CTTCTCA)N	45	45	45	45	NA	NA	NA	NA	NA
Other	Simple_repeat	(CTTCTCC)N	66	66	66	66	NA	NA	NA	NA	NA
Other	Simple_repeat	(CTTCTCTT)N	44	44	44	44	NA	NA	NA	NA	NA
Other	Simple_repeat	(CTTCTT)N	92	92	92	92	NA	NA	NA	NA	NA
Other	Simple_repeat	(CTTG)N	48	48	48	48	NA	NA	NA	NA	NA
Other	Simple_repeat	(CTTGC)N	36	36	36	36	NA	NA	NA	NA	NA
Other	Simple_repeat	(CTTGCA)N	31	31	31	31	NA	NA	NA	NA	NA
Other	Simple_repeat	(CTTGG)N	28	28	28	28	NA	NA	NA	NA	NA
Other	Simple_repeat	(CTTGTCT)N	37	37	37	37	NA	NA	NA	NA	NA
Other	Simple_repeat	(CTTGTT)N	27	27	27	27	NA	NA	NA	NA	NA
Other	Simple_repeat	(CTTT)N	190	31.67	21	45	8.24	NA	NA	NA	NA
Other	Simple_repeat	(CTTTACC)N	48	48	48	48	NA	NA	NA	NA	NA
Other	Simple_repeat	(CTTTC)N	26	26	26	26	NA	NA	NA	NA	NA
Other	Simple_repeat	(CTTTCC)N	106	53	43	63	14.14	NA	NA	NA	NA
Other	Simple_repeat	(CTTTGC)N	44	44	44	44	NA	NA	NA	NA	NA
Other	Simple_repeat	(CTTTGCG)N	44	44	44	44	NA	NA	NA	NA	NA
Other	Simple_repeat	(CTTTT)N	236	39.33	27	53	9.37	NA	NA	NA	NA
Other	Simple_repeat	(CTTTTTT)N	50	50	50	50	NA	NA	NA	NA	NA
Other	Simple_repeat	(G)N	2258	23.52	17	49	4.78	NA	NA	NA	NA
Other	Simple_repeat	(GA)N	666	27.75	17	54	9.6	NA	NA	NA	NA
Other	Simple_repeat	(GAA)N	817	28.17	17	70	11.6	NA	NA	NA	NA
Other	Simple_repeat	(GAAA)N	147	29.4	21	39	8.96	NA	NA	NA	NA
Other	Simple_repeat	(GAAAGG)N	43	43	43	43	NA	NA	NA	NA	NA
Other	Simple_repeat	(GAAATG)N	26	26	26	26	NA	NA	NA	NA	NA
Other	Simple_repeat	(GAACA)N	44	44	44	44	NA	NA	NA	NA	NA
Other	Simple_repeat	(GAACTC)N	37	37	37	37	NA	NA	NA	NA	NA
Other	Simple_repeat	(GAAGA)N	31	31	31	31	NA	NA	NA	NA	NA
Other	Simple_repeat	(GAAGAAT)N	40	40	40	40	NA	NA	NA	NA	NA
Other	Simple_repeat	(GAAGAC)N	199	66.33	38	96	29.02	NA	NA	NA	NA
Other	Simple_repeat	(GAAGAGC)N	110	55	40	70	21.21	NA	NA	NA	NA
Other	Simple_repeat	(GAAGATC)N	46	46	46	46	NA	NA	NA	NA	NA
Other	Simple_repeat	(GAAGCA)N	41	41	41	41	NA	NA	NA	NA	NA
Other	Simple_repeat	(GAAGCAGATC)N	71	71	71	71	NA	NA	NA	NA	NA
Other	Simple_repeat	(GAAGCG)N	58	58	58	58	NA	NA	NA	NA	NA
Other	Simple_repeat	(GAAGG)N	26	26	26	26	NA	NA	NA	NA	NA
Other	Simple_repeat	(GAAGGC)N	39	39	39	39	NA	NA	NA	NA	NA
Other	Simple_repeat	(GAAGGGA)N	67	67	67	67	NA	NA	NA	NA	NA
Other	Simple_repeat	(GAAGGT)N	34	34	34	34	NA	NA	NA	NA	NA
Other	Simple_repeat	(GAAGT)N	92	30.67	27	33	3.21	NA	NA	NA	NA
Other	Simple_repeat	(GAAGTCG)N	68	68	68	68	NA	NA	NA	NA	NA
Other	Simple_repeat	(GAAGTG)N	32	32	32	32	NA	NA	NA	NA	NA
Other	Simple_repeat	(GAAGTGT)N	36	36	36	36	NA	NA	NA	NA	NA
Other	Simple_repeat	(GAAT)N	55	27.5	27	28	0.71	NA	NA	NA	NA
Other	Simple_repeat	(GAATA)N	55	27.5	25	30	3.54	NA	NA	NA	NA
Other	Simple_repeat	(GAATC)N	52	52	52	52	NA	NA	NA	NA	NA
Other	Simple_repeat	(GAATCA)N	35	35	35	35	NA	NA	NA	NA	NA
Other	Simple_repeat	(GAATCC)N	49	49	49	49	NA	NA	NA	NA	NA
Other	Simple_repeat	(GAATCCC)N	60	60	60	60	NA	NA	NA	NA	NA
Other	Simple_repeat	(GAATGAA)N	40	40	40	40	NA	NA	NA	NA	NA
Other	Simple_repeat	(GAATGC)N	27	27	27	27	NA	NA	NA	NA	NA
Other	Simple_repeat	(GAATT)N	36	36	36	36	NA	NA	NA	NA	NA
Other	Simple_repeat	(GAATTG)N	57	57	57	57	NA	NA	NA	NA	NA
Other	Simple_repeat	(GAATTGT)N	61	61	61	61	NA	NA	NA	NA	NA
Other	Simple_repeat	(GAC)N	534	35.6	23	100	19.75	NA	NA	NA	NA
Other	Simple_repeat	(GACA)N	94	47	23	71	33.94	NA	NA	NA	NA
Other	Simple_repeat	(GACAAC)N	34	34	34	34	NA	NA	NA	NA	NA
Other	Simple_repeat	(GACAAG)N	37	37	37	37	NA	NA	NA	NA	NA
Other	Simple_repeat	(GACACA)N	38	38	38	38	NA	NA	NA	NA	NA
Other	Simple_repeat	(GACAGC)N	26	26	26	26	NA	NA	NA	NA	NA
Other	Simple_repeat	(GACCACC)N	70	70	70	70	NA	NA	NA	NA	NA
Other	Simple_repeat	(GACCAG)N	37	37	37	37	NA	NA	NA	NA	NA
Other	Simple_repeat	(GACCCATT)N	111	111	111	111	NA	NA	NA	NA	NA
Other	Simple_repeat	(GACCGA)N	59	59	59	59	NA	NA	NA	NA	NA
Other	Simple_repeat	(GACCTT)N	42	42	42	42	NA	NA	NA	NA	NA
Other	Simple_repeat	(GACGAA)N	157	78.5	26	131	74.25	NA	NA	NA	NA
Other	Simple_repeat	(GACGAG)N	323	107.67	47	207	86.73	NA	NA	NA	NA
Other	Simple_repeat	(GACGAT)N	375	53.57	35	80	17.08	NA	NA	NA	NA
Other	Simple_repeat	(GACGCT)N	34	34	34	34	NA	NA	NA	NA	NA
Other	Simple_repeat	(GACGG)N	32	32	32	32	NA	NA	NA	NA	NA
Other	Simple_repeat	(GACGGC)N	61	61	61	61	NA	NA	NA	NA	NA
Other	Simple_repeat	(GACT)N	25	25	25	25	NA	NA	NA	NA	NA
Other	Simple_repeat	(GACTG)N	27	27	27	27	NA	NA	NA	NA	NA
Other	Simple_repeat	(GACTGAT)N	35	35	35	35	NA	NA	NA	NA	NA
Other	Simple_repeat	(GACTGG)N	104	52	43	61	12.73	NA	NA	NA	NA
Other	Simple_repeat	(GACTTGG)N	44	44	44	44	NA	NA	NA	NA	NA
Other	Simple_repeat	(GAG)N	413	29.5	22	43	6.32	NA	NA	NA	NA
Other	Simple_repeat	(GAGA)N	45	45	45	45	NA	NA	NA	NA	NA
Other	Simple_repeat	(GAGAA)N	27	27	27	27	NA	NA	NA	NA	NA
Other	Simple_repeat	(GAGAAGT)N	60	60	60	60	NA	NA	NA	NA	NA
Other	Simple_repeat	(GAGAC)N	57	57	57	57	NA	NA	NA	NA	NA
Other	Simple_repeat	(GAGAGAC)N	31	31	31	31	NA	NA	NA	NA	NA
Other	Simple_repeat	(GAGAGC)N	27	27	27	27	NA	NA	NA	NA	NA
Other	Simple_repeat	(GAGAGCA)N	49	49	49	49	NA	NA	NA	NA	NA
Other	Simple_repeat	(GAGAGG)N	25	25	25	25	NA	NA	NA	NA	NA
Other	Simple_repeat	(GAGAGT)N	120	60	59	61	1.41	NA	NA	NA	NA
Other	Simple_repeat	(GAGAT)N	97	32.33	26	44	10.12	NA	NA	NA	NA
Other	Simple_repeat	(GAGATG)N	178	44.5	33	64	13.53	NA	NA	NA	NA
Other	Simple_repeat	(GAGATT)N	32	32	32	32	NA	NA	NA	NA	NA
Other	Simple_repeat	(GAGCA)N	30	30	30	30	NA	NA	NA	NA	NA
Other	Simple_repeat	(GAGCAA)N	29	29	29	29	NA	NA	NA	NA	NA
Other	Simple_repeat	(GAGCAC)N	34	34	34	34	NA	NA	NA	NA	NA
Other	Simple_repeat	(GAGCCT)N	25	25	25	25	NA	NA	NA	NA	NA
Other	Simple_repeat	(GAGCGG)N	43	43	43	43	NA	NA	NA	NA	NA
Other	Simple_repeat	(GAGCGGA)N	35	35	35	35	NA	NA	NA	NA	NA
Other	Simple_repeat	(GAGG)N	93	31	24	43	10.44	NA	NA	NA	NA
Other	Simple_repeat	(GAGGA)N	30	30	30	30	NA	NA	NA	NA	NA
Other	Simple_repeat	(GAGGAC)N	99	33	31	35	2	NA	NA	NA	NA
Other	Simple_repeat	(GAGGACG)N	36	36	36	36	NA	NA	NA	NA	NA
Other	Simple_repeat	(GAGGAT)N	114	57	34	80	32.53	NA	NA	NA	NA
Other	Simple_repeat	(GAGGATG)N	57	57	57	57	NA	NA	NA	NA	NA
Other	Simple_repeat	(GAGGCA)N	55	55	55	55	NA	NA	NA	NA	NA
Other	Simple_repeat	(GAGGCAG)N	35	35	35	35	NA	NA	NA	NA	NA
Other	Simple_repeat	(GAGGCC)N	52	52	52	52	NA	NA	NA	NA	NA
Other	Simple_repeat	(GAGGCG)N	134	44.67	37	56	10.02	NA	NA	NA	NA
Other	Simple_repeat	(GAGGCTG)N	37	37	37	37	NA	NA	NA	NA	NA
Other	Simple_repeat	(GAGGGCAAG)N	38	38	38	38	NA	NA	NA	NA	NA
Other	Simple_repeat	(GAGGT)N	93	46.5	30	63	23.33	NA	NA	NA	NA
Other	Simple_repeat	(GAGGTA)N	54	54	54	54	NA	NA	NA	NA	NA
Other	Simple_repeat	(GAGGTCGAG)N	246	49.2	46	62	7.16	NA	NA	NA	NA
Other	Simple_repeat	(GAGGTG)N	383	63.83	8	159	58.04	NA	NA	NA	NA
Other	Simple_repeat	(GAGGTT)N	56	56	56	56	NA	NA	NA	NA	NA
Other	Simple_repeat	(GAGT)N	46	23	21	25	2.83	NA	NA	NA	NA
Other	Simple_repeat	(GAGTG)N	25	25	25	25	NA	NA	NA	NA	NA
Other	Simple_repeat	(GAGTGA)N	37	37	37	37	NA	NA	NA	NA	NA
Other	Simple_repeat	(GAGTGAA)N	37	37	37	37	NA	NA	NA	NA	NA
Other	Simple_repeat	(GAGTGC)N	37	37	37	37	NA	NA	NA	NA	NA
Other	Simple_repeat	(GAGTGG)N	11	11	11	11	NA	NA	NA	NA	NA
Other	Simple_repeat	(GAGTGGT)N	69	69	69	69	NA	NA	NA	NA	NA
Other	Simple_repeat	(GAGTT)N	26	26	26	26	NA	NA	NA	NA	NA
Other	Simple_repeat	(GAT)N	1292	39.15	15	96	21.61	NA	NA	NA	NA
Other	Simple_repeat	(GATA)N	53	26.5	25	28	2.12	NA	NA	NA	NA
Other	Simple_repeat	(GATAAA)N	30	30	30	30	NA	NA	NA	NA	NA
Other	Simple_repeat	(GATAT)N	55	55	55	55	NA	NA	NA	NA	NA
Other	Simple_repeat	(GATC)N	24	24	24	24	NA	NA	NA	NA	NA
Other	Simple_repeat	(GATCA)N	35	35	35	35	NA	NA	NA	NA	NA
Other	Simple_repeat	(GATCAG)N	35	35	35	35	NA	NA	NA	NA	NA
Other	Simple_repeat	(GATCC)N	43	43	43	43	NA	NA	NA	NA	NA
Other	Simple_repeat	(GATCCC)N	33	33	33	33	NA	NA	NA	NA	NA
Other	Simple_repeat	(GATG)N	146	36.5	25	50	11.56	NA	NA	NA	NA
Other	Simple_repeat	(GATGAA)N	92	46	35	57	15.56	NA	NA	NA	NA
Other	Simple_repeat	(GATGAC)N	161	53.67	25	75	25.79	NA	NA	NA	NA
Other	Simple_repeat	(GATGACGAT)N	41	41	41	41	NA	NA	NA	NA	NA
Other	Simple_repeat	(GATGAG)N	152	50.67	45	54	4.93	NA	NA	NA	NA
Other	Simple_repeat	(GATGAGC)N	38	38	38	38	NA	NA	NA	NA	NA
Other	Simple_repeat	(GATGC)N	33	33	33	33	NA	NA	NA	NA	NA
Other	Simple_repeat	(GATGCA)N	32	32	32	32	NA	NA	NA	NA	NA
Other	Simple_repeat	(GATGG)N	93	46.5	34	59	17.68	NA	NA	NA	NA
Other	Simple_repeat	(GATGGA)N	36	36	36	36	NA	NA	NA	NA	NA
Other	Simple_repeat	(GATGGAG)N	35	35	35	35	NA	NA	NA	NA	NA
Other	Simple_repeat	(GATGGC)N	139	46.33	27	75	25.32	NA	NA	NA	NA
Other	Simple_repeat	(GATGGTT)N	40	40	40	40	NA	NA	NA	NA	NA
Other	Simple_repeat	(GATGTAA)N	76	76	76	76	NA	NA	NA	NA	NA
Other	Simple_repeat	(GATGTG)N	39	39	39	39	NA	NA	NA	NA	NA
Other	Simple_repeat	(GATGTT)N	31	31	31	31	NA	NA	NA	NA	NA
Other	Simple_repeat	(GATT)N	62	31	31	31	0	NA	NA	NA	NA
Other	Simple_repeat	(GATTGTCAA)N	37	37	37	37	NA	NA	NA	NA	NA
Other	Simple_repeat	(GCA)N	1109	36.97	17	158	27.88	NA	NA	NA	NA
Other	Simple_repeat	(GCAA)N	146	48.67	30	65	17.62	NA	NA	NA	NA
Other	Simple_repeat	(GCAACA)N	51	25.5	19	32	9.19	NA	NA	NA	NA
Other	Simple_repeat	(GCAACC)N	109	109	109	109	NA	NA	NA	NA	NA
Other	Simple_repeat	(GCAACG)N	45	45	45	45	NA	NA	NA	NA	NA
Other	Simple_repeat	(GCAAGA)N	25	25	25	25	NA	NA	NA	NA	NA
Other	Simple_repeat	(GCAAGAA)N	84	84	84	84	NA	NA	NA	NA	NA
Other	Simple_repeat	(GCACCA)N	84	42	41	43	1.41	NA	NA	NA	NA
Other	Simple_repeat	(GCACTC)N	58	58	58	58	NA	NA	NA	NA	NA
Other	Simple_repeat	(GCACTT)N	32	32	32	32	NA	NA	NA	NA	NA
Other	Simple_repeat	(GCAG)N	59	29.5	26	33	4.95	NA	NA	NA	NA
Other	Simple_repeat	(GCAGA)N	30	30	30	30	NA	NA	NA	NA	NA
Other	Simple_repeat	(GCAGAAGA)N	61	61	61	61	NA	NA	NA	NA	NA
Other	Simple_repeat	(GCAGGA)N	133	66.5	46	87	28.99	NA	NA	NA	NA
Other	Simple_repeat	(GCAGGAG)N	52	52	52	52	NA	NA	NA	NA	NA
Other	Simple_repeat	(GCAT)N	37	37	37	37	NA	NA	NA	NA	NA
Other	Simple_repeat	(GCATCA)N	70	35	26	44	12.73	NA	NA	NA	NA
Other	Simple_repeat	(GCATGG)N	58	58	58	58	NA	NA	NA	NA	NA
Other	Simple_repeat	(GCATTT)N	34	34	34	34	NA	NA	NA	NA	NA
Other	Simple_repeat	(GCC)N	465	33.21	18	66	15.98	NA	NA	NA	NA
Other	Simple_repeat	(GCCAA)N	26	26	26	26	NA	NA	NA	NA	NA
Other	Simple_repeat	(GCCAAC)N	45	45	45	45	NA	NA	NA	NA	NA
Other	Simple_repeat	(GCCAAGAT)N	55	55	55	55	NA	NA	NA	NA	NA
Other	Simple_repeat	(GCCACC)N	6	6	6	6	NA	NA	NA	NA	NA
Other	Simple_repeat	(GCCACT)N	40	40	40	40	NA	NA	NA	NA	NA
Other	Simple_repeat	(GCCAGTG)N	37	37	37	37	NA	NA	NA	NA	NA
Other	Simple_repeat	(GCCATC)N	80	40	32	48	11.31	NA	NA	NA	NA
Other	Simple_repeat	(GCCC)N	44	44	44	44	NA	NA	NA	NA	NA
Other	Simple_repeat	(GCCCA)N	29	29	29	29	NA	NA	NA	NA	NA
Other	Simple_repeat	(GCCCCTGA)N	42	42	42	42	NA	NA	NA	NA	NA
Other	Simple_repeat	(GCCGAA)N	42	42	42	42	NA	NA	NA	NA	NA
Other	Simple_repeat	(GCCGCC)N	8	8	8	8	NA	NA	NA	NA	NA
Other	Simple_repeat	(GCCGTC)N	42	42	42	42	NA	NA	NA	NA	NA
Other	Simple_repeat	(GCCT)N	22	22	22	22	NA	NA	NA	NA	NA
Other	Simple_repeat	(GCCTCA)N	49	49	49	49	NA	NA	NA	NA	NA
Other	Simple_repeat	(GCCTCC)N	216	72	45	101	28.05	NA	NA	NA	NA
Other	Simple_repeat	(GCCTCCCAT)N	48	48	48	48	NA	NA	NA	NA	NA
Other	Simple_repeat	(GCCTCG)N	54	54	54	54	NA	NA	NA	NA	NA
Other	Simple_repeat	(GCCTCTG)N	47	47	47	47	NA	NA	NA	NA	NA
Other	Simple_repeat	(GCG)N	382	34.73	22	54	12.57	NA	NA	NA	NA
Other	Simple_repeat	(GCGAAG)N	33	33	33	33	NA	NA	NA	NA	NA
Other	Simple_repeat	(GCGACC)N	53	53	53	53	NA	NA	NA	NA	NA
Other	Simple_repeat	(GCGACG)N	30	30	30	30	NA	NA	NA	NA	NA
Other	Simple_repeat	(GCGAGA)N	70	70	70	70	NA	NA	NA	NA	NA
Other	Simple_repeat	(GCGAT)N	49	49	49	49	NA	NA	NA	NA	NA
Other	Simple_repeat	(GCGG)N	49	49	49	49	NA	NA	NA	NA	NA
Other	Simple_repeat	(GCGGA)N	30	30	30	30	NA	NA	NA	NA	NA
Other	Simple_repeat	(GCGGAA)N	33	33	33	33	NA	NA	NA	NA	NA
Other	Simple_repeat	(GCGGAG)N	55	55	55	55	NA	NA	NA	NA	NA
Other	Simple_repeat	(GCGGCG)N	39	39	39	39	NA	NA	NA	NA	NA
Other	Simple_repeat	(GCGGCT)N	47	47	47	47	NA	NA	NA	NA	NA
Other	Simple_repeat	(GCGGGA)N	53	53	53	53	NA	NA	NA	NA	NA
Other	Simple_repeat	(GCGGTG)N	139	46.33	10	69	31.79	NA	NA	NA	NA
Other	Simple_repeat	(GCGGTT)N	43	43	43	43	NA	NA	NA	NA	NA
Other	Simple_repeat	(GCGTCAA)N	39	39	39	39	NA	NA	NA	NA	NA
Other	Simple_repeat	(GCT)N	533	29.61	20	48	8.04	NA	NA	NA	NA
Other	Simple_repeat	(GCTAT)N	27	27	27	27	NA	NA	NA	NA	NA
Other	Simple_repeat	(GCTC)N	21	21	21	21	NA	NA	NA	NA	NA
Other	Simple_repeat	(GCTCAA)N	44	44	44	44	NA	NA	NA	NA	NA
Other	Simple_repeat	(GCTCAT)N	38	38	38	38	NA	NA	NA	NA	NA
Other	Simple_repeat	(GCTCGAA)N	37	37	37	37	NA	NA	NA	NA	NA
Other	Simple_repeat	(GCTCGT)N	77	38.5	36	41	3.54	NA	NA	NA	NA
Other	Simple_repeat	(GCTG)N	62	31	29	33	2.83	NA	NA	NA	NA
Other	Simple_repeat	(GCTGA)N	31	31	31	31	NA	NA	NA	NA	NA
Other	Simple_repeat	(GCTGAT)N	93	46.5	40	53	9.19	NA	NA	NA	NA
Other	Simple_repeat	(GCTGCA)N	30	30	30	30	NA	NA	NA	NA	NA
Other	Simple_repeat	(GCTGCC)N	35	35	35	35	NA	NA	NA	NA	NA
Other	Simple_repeat	(GCTGCTCCG)N	38	38	38	38	NA	NA	NA	NA	NA
Other	Simple_repeat	(GCTGCTG)N	46	46	46	46	NA	NA	NA	NA	NA
Other	Simple_repeat	(GCTGGG)N	28	28	28	28	NA	NA	NA	NA	NA
Other	Simple_repeat	(GCTGGT)N	39	39	39	39	NA	NA	NA	NA	NA
Other	Simple_repeat	(GCTGGTTG)N	40	40	40	40	NA	NA	NA	NA	NA
Other	Simple_repeat	(GCTGTT)N	33	33	33	33	NA	NA	NA	NA	NA
Other	Simple_repeat	(GCTGTTGTT)N	42	42	42	42	NA	NA	NA	NA	NA
Other	Simple_repeat	(GCTT)N	51	25.5	22	29	4.95	NA	NA	NA	NA
Other	Simple_repeat	(GCTTC)N	45	45	45	45	NA	NA	NA	NA	NA
Other	Simple_repeat	(GCTTCTA)N	45	45	45	45	NA	NA	NA	NA	NA
Other	Simple_repeat	(GCTTTC)N	35	35	35	35	NA	NA	NA	NA	NA
Other	Simple_repeat	(GCTTTG)N	53	53	53	53	NA	NA	NA	NA	NA
Other	Simple_repeat	(GGA)N	627	27.26	19	51	7.82	NA	NA	NA	NA
Other	Simple_repeat	(GGAACGA)N	36	36	36	36	NA	NA	NA	NA	NA
Other	Simple_repeat	(GGAAG)N	27	27	27	27	NA	NA	NA	NA	NA
Other	Simple_repeat	(GGAAGT)N	32	32	32	32	NA	NA	NA	NA	NA
Other	Simple_repeat	(GGAATAT)N	34	34	34	34	NA	NA	NA	NA	NA
Other	Simple_repeat	(GGAATGG)N	35	35	35	35	NA	NA	NA	NA	NA
Other	Simple_repeat	(GGACCA)N	42	42	42	42	NA	NA	NA	NA	NA
Other	Simple_repeat	(GGACG)N	29	29	29	29	NA	NA	NA	NA	NA
Other	Simple_repeat	(GGACGA)N	30	30	30	30	NA	NA	NA	NA	NA
Other	Simple_repeat	(GGACGT)N	42	42	42	42	NA	NA	NA	NA	NA
Other	Simple_repeat	(GGACTT)N	38	38	38	38	NA	NA	NA	NA	NA
Other	Simple_repeat	(GGAG)N	132	26.4	25	28	1.52	NA	NA	NA	NA
Other	Simple_repeat	(GGAGAAGGC)N	103	103	103	103	NA	NA	NA	NA	NA
Other	Simple_repeat	(GGAGAG)N	31	31	31	31	NA	NA	NA	NA	NA
Other	Simple_repeat	(GGAGAGA)N	42	42	42	42	NA	NA	NA	NA	NA
Other	Simple_repeat	(GGAGAT)N	29	29	29	29	NA	NA	NA	NA	NA
Other	Simple_repeat	(GGAGATA)N	51	51	51	51	NA	NA	NA	NA	NA
Other	Simple_repeat	(GGAGCA)N	50	50	50	50	NA	NA	NA	NA	NA
Other	Simple_repeat	(GGAGCAG)N	35	35	35	35	NA	NA	NA	NA	NA
Other	Simple_repeat	(GGAGCT)N	85	42.5	37	48	7.78	NA	NA	NA	NA
Other	Simple_repeat	(GGAGG)N	39	39	39	39	NA	NA	NA	NA	NA
Other	Simple_repeat	(GGAGGC)N	177	59	32	110	44.19	NA	NA	NA	NA
Other	Simple_repeat	(GGAGGGT)N	31	31	31	31	NA	NA	NA	NA	NA
Other	Simple_repeat	(GGAGGT)N	284	71	41	124	37.8	NA	NA	NA	NA
Other	Simple_repeat	(GGAGGTC)N	59	59	59	59	NA	NA	NA	NA	NA
Other	Simple_repeat	(GGAGGTG)N	54	54	54	54	NA	NA	NA	NA	NA
Other	Simple_repeat	(GGAGT)N	51	51	51	51	NA	NA	NA	NA	NA
Other	Simple_repeat	(GGAGTAAG)N	42	42	42	42	NA	NA	NA	NA	NA
Other	Simple_repeat	(GGAGTG)N	126	42	32	55	11.79	NA	NA	NA	NA
Other	Simple_repeat	(GGAGTGG)N	77	38.5	37	40	2.12	NA	NA	NA	NA
Other	Simple_repeat	(GGAT)N	224	37.33	29	49	9.09	NA	NA	NA	NA
Other	Simple_repeat	(GGATA)N	91	45.5	34	57	16.26	NA	NA	NA	NA
Other	Simple_repeat	(GGATAGAGT)N	41	41	41	41	NA	NA	NA	NA	NA
Other	Simple_repeat	(GGATG)N	93	31	26	40	7.81	NA	NA	NA	NA
Other	Simple_repeat	(GGATGA)N	166	55.33	29	96	35.73	NA	NA	NA	NA
Other	Simple_repeat	(GGATGAT)N	39	39	39	39	NA	NA	NA	NA	NA
Other	Simple_repeat	(GGATGG)N	50	50	50	50	NA	NA	NA	NA	NA
Other	Simple_repeat	(GGATT)N	27	27	27	27	NA	NA	NA	NA	NA
Other	Simple_repeat	(GGATTC)N	84	42	42	42	0	NA	NA	NA	NA
Other	Simple_repeat	(GGATTG)N	81	40.5	30	51	14.85	NA	NA	NA	NA
Other	Simple_repeat	(GGATTGT)N	65	65	65	65	NA	NA	NA	NA	NA
Other	Simple_repeat	(GGATTTC)N	6	6	6	6	NA	NA	NA	NA	NA
Other	Simple_repeat	(GGC)N	712	35.6	17	112	20.61	NA	NA	NA	NA
Other	Simple_repeat	(GGCA)N	51	25.5	25	26	0.71	NA	NA	NA	NA
Other	Simple_repeat	(GGCAAC)N	47	47	47	47	NA	NA	NA	NA	NA
Other	Simple_repeat	(GGCAATGA)N	71	71	71	71	NA	NA	NA	NA	NA
Other	Simple_repeat	(GGCCTGT)N	39	39	39	39	NA	NA	NA	NA	NA
Other	Simple_repeat	(GGCCTT)N	37	37	37	37	NA	NA	NA	NA	NA
Other	Simple_repeat	(GGCGA)N	70	35	35	35	0	NA	NA	NA	NA
Other	Simple_repeat	(GGCGAA)N	85	42.5	41	44	2.12	NA	NA	NA	NA
Other	Simple_repeat	(GGCGAC)N	55	55	55	55	NA	NA	NA	NA	NA
Other	Simple_repeat	(GGCGAG)N	116	58	53	63	7.07	NA	NA	NA	NA
Other	Simple_repeat	(GGCGCC)N	52	52	52	52	NA	NA	NA	NA	NA
Other	Simple_repeat	(GGCGGA)N	68	34	32	36	2.83	NA	NA	NA	NA
Other	Simple_repeat	(GGCGGAG)N	35	35	35	35	NA	NA	NA	NA	NA
Other	Simple_repeat	(GGCGGC)N	35	35	35	35	NA	NA	NA	NA	NA
Other	Simple_repeat	(GGCGGCGGT)N	40	40	40	40	NA	NA	NA	NA	NA
Other	Simple_repeat	(GGCGGT)N	124	62	57	67	7.07	NA	NA	NA	NA
Other	Simple_repeat	(GGCGGTT)N	36	36	36	36	NA	NA	NA	NA	NA
Other	Simple_repeat	(GGCGTG)N	30	30	30	30	NA	NA	NA	NA	NA
Other	Simple_repeat	(GGCT)N	26	26	26	26	NA	NA	NA	NA	NA
Other	Simple_repeat	(GGCTT)N	30	30	30	30	NA	NA	NA	NA	NA
Other	Simple_repeat	(GGCTTC)N	31	31	31	31	NA	NA	NA	NA	NA
Other	Simple_repeat	(GGCTTT)N	31	31	31	31	NA	NA	NA	NA	NA
Other	Simple_repeat	(GGGA)N	50	25	25	25	0	NA	NA	NA	NA
Other	Simple_repeat	(GGGAA)N	65	32.5	27	38	7.78	NA	NA	NA	NA
Other	Simple_repeat	(GGGAAAAG)N	189	189	189	189	NA	NA	NA	NA	NA
Other	Simple_repeat	(GGGAAG)N	97	48.5	35	62	19.09	NA	NA	NA	NA
Other	Simple_repeat	(GGGAAT)N	34	34	34	34	NA	NA	NA	NA	NA
Other	Simple_repeat	(GGGAG)N	29	29	29	29	NA	NA	NA	NA	NA
Other	Simple_repeat	(GGGAGG)N	39	39	39	39	NA	NA	NA	NA	NA
Other	Simple_repeat	(GGGAT)N	25	25	25	25	NA	NA	NA	NA	NA
Other	Simple_repeat	(GGGATG)N	36	36	36	36	NA	NA	NA	NA	NA
Other	Simple_repeat	(GGGC)N	27	27	27	27	NA	NA	NA	NA	NA
Other	Simple_repeat	(GGGGAA)N	37	37	37	37	NA	NA	NA	NA	NA
Other	Simple_repeat	(GGGGGAA)N	129	129	129	129	NA	NA	NA	NA	NA
Other	Simple_repeat	(GGGGGT)N	32	32	32	32	NA	NA	NA	NA	NA
Other	Simple_repeat	(GGGGT)N	30	30	30	30	NA	NA	NA	NA	NA
Other	Simple_repeat	(GGGT)N	22	22	22	22	NA	NA	NA	NA	NA
Other	Simple_repeat	(GGGTAT)N	31	31	31	31	NA	NA	NA	NA	NA
Other	Simple_repeat	(GGGTTA)N	114	114	114	114	NA	NA	NA	NA	NA
Other	Simple_repeat	(GGT)N	1613	41.36	18	97	20.08	NA	NA	NA	NA
Other	Simple_repeat	(GGTA)N	196	39.2	28	52	11.43	NA	NA	NA	NA
Other	Simple_repeat	(GGTAA)N	228	38	25	74	19.86	NA	NA	NA	NA
Other	Simple_repeat	(GGTAAG)N	38	38	38	38	NA	NA	NA	NA	NA
Other	Simple_repeat	(GGTAC)N	32	32	32	32	NA	NA	NA	NA	NA
Other	Simple_repeat	(GGTAT)N	90	45	30	60	21.21	NA	NA	NA	NA
Other	Simple_repeat	(GGTC)N	67	33.5	28	39	7.78	NA	NA	NA	NA
Other	Simple_repeat	(GGTCGC)N	46	46	46	46	NA	NA	NA	NA	NA
Other	Simple_repeat	(GGTCGT)N	66	66	66	66	NA	NA	NA	NA	NA
Other	Simple_repeat	(GGTCTC)N	32	32	32	32	NA	NA	NA	NA	NA
Other	Simple_repeat	(GGTG)N	55	55	55	55	NA	NA	NA	NA	NA
Other	Simple_repeat	(GGTGA)N	75	37.5	33	42	6.36	NA	NA	NA	NA
Other	Simple_repeat	(GGTGAG)N	105	52.5	40	65	17.68	NA	NA	NA	NA
Other	Simple_repeat	(GGTGCC)N	41	41	41	41	NA	NA	NA	NA	NA
Other	Simple_repeat	(GGTGCG)N	91	91	91	91	NA	NA	NA	NA	NA
Other	Simple_repeat	(GGTGGA)N	507	63.38	28	92	23.05	NA	NA	NA	NA
Other	Simple_repeat	(GGTGGATGG)N	46	46	46	46	NA	NA	NA	NA	NA
Other	Simple_repeat	(GGTGGC)N	176	44	30	56	12.11	NA	NA	NA	NA
Other	Simple_repeat	(GGTGGCGGA)N	41	41	41	41	NA	NA	NA	NA	NA
Other	Simple_repeat	(GGTGGT)N	237	47.4	37	65	11.33	NA	NA	NA	NA
Other	Simple_repeat	(GGTGTG)N	68	68	68	68	NA	NA	NA	NA	NA
Other	Simple_repeat	(GGTGTT)N	47	23.5	13	34	14.85	NA	NA	NA	NA
Other	Simple_repeat	(GGTT)N	103	34.33	26	43	8.5	NA	NA	NA	NA
Other	Simple_repeat	(GGTTA)N	29	29	29	29	NA	NA	NA	NA	NA
Other	Simple_repeat	(GGTTCT)N	34	34	34	34	NA	NA	NA	NA	NA
Other	Simple_repeat	(GGTTG)N	50	50	50	50	NA	NA	NA	NA	NA
Other	Simple_repeat	(GGTTGT)N	101	50.5	25	76	36.06	NA	NA	NA	NA
Other	Simple_repeat	(GGTTT)N	71	35.5	30	41	7.78	NA	NA	NA	NA
Other	Simple_repeat	(GGTTTT)N	60	60	60	60	NA	NA	NA	NA	NA
Other	Simple_repeat	(GGTTTTG)N	44	44	44	44	NA	NA	NA	NA	NA
Other	Simple_repeat	(GT)N	303	25.25	17	43	7.01	NA	NA	NA	NA
Other	Simple_repeat	(GTA)N	146	29.2	21	42	8.7	NA	NA	NA	NA
Other	Simple_repeat	(GTAACCACC)N	43	43	43	43	NA	NA	NA	NA	NA
Other	Simple_repeat	(GTAAG)N	272	34	25	41	5.35	NA	NA	NA	NA
Other	Simple_repeat	(GTACTCC)N	63	63	63	63	NA	NA	NA	NA	NA
Other	Simple_repeat	(GTAG)N	78	26	22	32	5.29	NA	NA	NA	NA
Other	Simple_repeat	(GTAGCG)N	44	44	44	44	NA	NA	NA	NA	NA
Other	Simple_repeat	(GTAT)N	158	31.6	25	35	3.85	NA	NA	NA	NA
Other	Simple_repeat	(GTATG)N	33	33	33	33	NA	NA	NA	NA	NA
Other	Simple_repeat	(GTATGT)N	17	17	17	17	NA	NA	NA	NA	NA
Other	Simple_repeat	(GTATTG)N	70	70	70	70	NA	NA	NA	NA	NA
Other	Simple_repeat	(GTC)N	518	39.85	21	70	14.72	NA	NA	NA	NA
Other	Simple_repeat	(GTCACA)N	38	38	38	38	NA	NA	NA	NA	NA
Other	Simple_repeat	(GTCAGCTTA)N	81	81	81	81	NA	NA	NA	NA	NA
Other	Simple_repeat	(GTCATC)N	161	53.67	42	72	16.07	NA	NA	NA	NA
Other	Simple_repeat	(GTCCA)N	39	39	39	39	NA	NA	NA	NA	NA
Other	Simple_repeat	(GTCCT)N	37	37	37	37	NA	NA	NA	NA	NA
Other	Simple_repeat	(GTCCTC)N	31	31	31	31	NA	NA	NA	NA	NA
Other	Simple_repeat	(GTCCTTT)N	34	34	34	34	NA	NA	NA	NA	NA
Other	Simple_repeat	(GTCGCT)N	95	95	95	95	NA	NA	NA	NA	NA
Other	Simple_repeat	(GTCGTA)N	38	38	38	38	NA	NA	NA	NA	NA
Other	Simple_repeat	(GTCGTC)N	138	46	35	61	13.45	NA	NA	NA	NA
Other	Simple_repeat	(GTCTATT)N	39	39	39	39	NA	NA	NA	NA	NA
Other	Simple_repeat	(GTCTTC)N	80	40	38	42	2.83	NA	NA	NA	NA
Other	Simple_repeat	(GTCTTCC)N	40	40	40	40	NA	NA	NA	NA	NA
Other	Simple_repeat	(GTG)N	746	43.88	19	112	22.19	NA	NA	NA	NA
Other	Simple_repeat	(GTGA)N	64	32	26	38	8.49	NA	NA	NA	NA
Other	Simple_repeat	(GTGAGA)N	33	33	33	33	NA	NA	NA	NA	NA
Other	Simple_repeat	(GTGAGGAT)N	41	41	41	41	NA	NA	NA	NA	NA
Other	Simple_repeat	(GTGATC)N	70	70	70	70	NA	NA	NA	NA	NA
Other	Simple_repeat	(GTGATG)N	39	39	39	39	NA	NA	NA	NA	NA
Other	Simple_repeat	(GTGATT)N	37	37	37	37	NA	NA	NA	NA	NA
Other	Simple_repeat	(GTGCG)N	55	55	55	55	NA	NA	NA	NA	NA
Other	Simple_repeat	(GTGCTT)N	26	26	26	26	NA	NA	NA	NA	NA
Other	Simple_repeat	(GTGGA)N	54	54	54	54	NA	NA	NA	NA	NA
Other	Simple_repeat	(GTGGAA)N	34	34	34	34	NA	NA	NA	NA	NA
Other	Simple_repeat	(GTGGAG)N	220	55	36	73	15.12	NA	NA	NA	NA
Other	Simple_repeat	(GTGGAGC)N	38	38	38	38	NA	NA	NA	NA	NA
Other	Simple_repeat	(GTGGAT)N	91	45.5	35	56	14.85	NA	NA	NA	NA
Other	Simple_repeat	(GTGGCG)N	37	37	37	37	NA	NA	NA	NA	NA
Other	Simple_repeat	(GTGGGTG)N	30	30	30	30	NA	NA	NA	NA	NA
Other	Simple_repeat	(GTGGTC)N	6	6	6	6	NA	NA	NA	NA	NA
Other	Simple_repeat	(GTGGTT)N	45	45	45	45	NA	NA	NA	NA	NA
Other	Simple_repeat	(GTGT)N	33	33	33	33	NA	NA	NA	NA	NA
Other	Simple_repeat	(GTGTG)N	32	32	32	32	NA	NA	NA	NA	NA
Other	Simple_repeat	(GTGTGC)N	29	29	29	29	NA	NA	NA	NA	NA
Other	Simple_repeat	(GTGTGG)N	47	47	47	47	NA	NA	NA	NA	NA
Other	Simple_repeat	(GTGTGGG)N	39	39	39	39	NA	NA	NA	NA	NA
Other	Simple_repeat	(GTGTTGAT)N	53	53	53	53	NA	NA	NA	NA	NA
Other	Simple_repeat	(GTT)N	1181	30.28	19	52	8.57	NA	NA	NA	NA
Other	Simple_repeat	(GTTA)N	29	29	29	29	NA	NA	NA	NA	NA
Other	Simple_repeat	(GTTATG)N	36	36	36	36	NA	NA	NA	NA	NA
Other	Simple_repeat	(GTTG)N	60	30	24	36	8.49	NA	NA	NA	NA
Other	Simple_repeat	(GTTGA)N	66	33	29	37	5.66	NA	NA	NA	NA
Other	Simple_repeat	(GTTGAAG)N	40	40	40	40	NA	NA	NA	NA	NA
Other	Simple_repeat	(GTTGAG)N	49	49	49	49	NA	NA	NA	NA	NA
Other	Simple_repeat	(GTTGCT)N	34	34	34	34	NA	NA	NA	NA	NA
Other	Simple_repeat	(GTTGG)N	34	34	34	34	NA	NA	NA	NA	NA
Other	Simple_repeat	(GTTGGC)N	40	40	40	40	NA	NA	NA	NA	NA
Other	Simple_repeat	(GTTGGT)N	84	42	37	47	7.07	NA	NA	NA	NA
Other	Simple_repeat	(GTTGT)N	65	32.5	28	37	6.36	NA	NA	NA	NA
Other	Simple_repeat	(GTTGTC)N	120	60	42	78	25.46	NA	NA	NA	NA
Other	Simple_repeat	(GTTGTT)N	67	67	67	67	NA	NA	NA	NA	NA
Other	Simple_repeat	(GTTTG)N	27	27	27	27	NA	NA	NA	NA	NA
Other	Simple_repeat	(GTTTGGA)N	35	35	35	35	NA	NA	NA	NA	NA
Other	Simple_repeat	(GTTTTT)N	14	14	14	14	NA	NA	NA	NA	NA
Other	Simple_repeat	(T)N	853	26.66	19	41	5.36	NA	NA	NA	NA
Other	Simple_repeat	(TA)N	524	32.75	19	83	16.5	NA	NA	NA	NA
Other	Simple_repeat	(TAA)N	98	32.67	19	53	17.95	NA	NA	NA	NA
Other	Simple_repeat	(TAAGG)N	127	31.75	27	39	5.25	NA	NA	NA	NA
Other	Simple_repeat	(TAAT)N	57	57	57	57	NA	NA	NA	NA	NA
Other	Simple_repeat	(TAATAA)N	78	78	78	78	NA	NA	NA	NA	NA
Other	Simple_repeat	(TAATT)N	30	30	30	30	NA	NA	NA	NA	NA
Other	Simple_repeat	(TAC)N	135	45	28	54	14.73	NA	NA	NA	NA
Other	Simple_repeat	(TACC)N	155	31	21	54	13.36	NA	NA	NA	NA
Other	Simple_repeat	(TACCT)N	175	35	29	42	6.44	NA	NA	NA	NA
Other	Simple_repeat	(TACTA)N	109	54.5	50	59	6.36	NA	NA	NA	NA
Other	Simple_repeat	(TACTAA)N	50	50	50	50	NA	NA	NA	NA	NA
Other	Simple_repeat	(TACTATA)N	39	39	39	39	NA	NA	NA	NA	NA
Other	Simple_repeat	(TACTCTC)N	42	42	42	42	NA	NA	NA	NA	NA
Other	Simple_repeat	(TACTG)N	65	32.5	28	37	6.36	NA	NA	NA	NA
Other	Simple_repeat	(TACTT)N	61	61	61	61	NA	NA	NA	NA	NA
Other	Simple_repeat	(TAG)N	23	23	23	23	NA	NA	NA	NA	NA
Other	Simple_repeat	(TAGA)N	59	59	59	59	NA	NA	NA	NA	NA
Other	Simple_repeat	(TAGAGGCAC)N	95	95	95	95	NA	NA	NA	NA	NA
Other	Simple_repeat	(TAGATA)N	32	32	32	32	NA	NA	NA	NA	NA
Other	Simple_repeat	(TAGATTA)N	47	47	47	47	NA	NA	NA	NA	NA
Other	Simple_repeat	(TAGC)N	22	22	22	22	NA	NA	NA	NA	NA
Other	Simple_repeat	(TAGG)N	82	27.33	24	32	4.16	NA	NA	NA	NA
Other	Simple_repeat	(TAGGATA)N	63	63	63	63	NA	NA	NA	NA	NA
Other	Simple_repeat	(TAGTCA)N	43	43	43	43	NA	NA	NA	NA	NA
Other	Simple_repeat	(TAT)N	99	33	21	46	12.53	NA	NA	NA	NA
Other	Simple_repeat	(TATA)N	51	51	51	51	NA	NA	NA	NA	NA
Other	Simple_repeat	(TATAA)N	31	31	31	31	NA	NA	NA	NA	NA
Other	Simple_repeat	(TATAGA)N	48	48	48	48	NA	NA	NA	NA	NA
Other	Simple_repeat	(TATAGTA)N	36	36	36	36	NA	NA	NA	NA	NA
Other	Simple_repeat	(TATATAA)N	72	72	72	72	NA	NA	NA	NA	NA
Other	Simple_repeat	(TATCA)N	29	29	29	29	NA	NA	NA	NA	NA
Other	Simple_repeat	(TATCAC)N	40	40	40	40	NA	NA	NA	NA	NA
Other	Simple_repeat	(TATCC)N	64	64	64	64	NA	NA	NA	NA	NA
Other	Simple_repeat	(TATCGA)N	38	38	38	38	NA	NA	NA	NA	NA
Other	Simple_repeat	(TATCTATTC)N	62	62	62	62	NA	NA	NA	NA	NA
Other	Simple_repeat	(TATCTGAA)N	45	45	45	45	NA	NA	NA	NA	NA
Other	Simple_repeat	(TATG)N	43	43	43	43	NA	NA	NA	NA	NA
Other	Simple_repeat	(TATGATG)N	56	56	56	56	NA	NA	NA	NA	NA
Other	Simple_repeat	(TATGT)N	36	36	36	36	NA	NA	NA	NA	NA
Other	Simple_repeat	(TATT)N	12	12	12	12	NA	NA	NA	NA	NA
Other	Simple_repeat	(TATTAA)N	91	91	91	91	NA	NA	NA	NA	NA
Other	Simple_repeat	(TATTATC)N	70	70	70	70	NA	NA	NA	NA	NA
Other	Simple_repeat	(TC)N	949	32.72	17	123	20.14	NA	NA	NA	NA
Other	Simple_repeat	(TCA)N	964	38.56	17	98	21.76	NA	NA	NA	NA
Other	Simple_repeat	(TCAA)N	24	24	24	24	NA	NA	NA	NA	NA
Other	Simple_repeat	(TCAACC)N	40	40	40	40	NA	NA	NA	NA	NA
Other	Simple_repeat	(TCAAT)N	64	32	28	36	5.66	NA	NA	NA	NA
Other	Simple_repeat	(TCAC)N	94	31.33	25	35	5.51	NA	NA	NA	NA
Other	Simple_repeat	(TCACAT)N	36	36	36	36	NA	NA	NA	NA	NA
Other	Simple_repeat	(TCACCA)N	74	74	74	74	NA	NA	NA	NA	NA
Other	Simple_repeat	(TCACCC)N	55	55	55	55	NA	NA	NA	NA	NA
Other	Simple_repeat	(TCACCG)N	42	42	42	42	NA	NA	NA	NA	NA
Other	Simple_repeat	(TCACGC)N	71	35.5	30	41	7.78	NA	NA	NA	NA
Other	Simple_repeat	(TCACTC)N	244	81.33	48	98	28.87	NA	NA	NA	NA
Other	Simple_repeat	(TCAGCCC)N	39	39	39	39	NA	NA	NA	NA	NA
Other	Simple_repeat	(TCAT)N	24	24	24	24	NA	NA	NA	NA	NA
Other	Simple_repeat	(TCATAGCTTC)N	62	62	62	62	NA	NA	NA	NA	NA
Other	Simple_repeat	(TCATC)N	37	37	37	37	NA	NA	NA	NA	NA
Other	Simple_repeat	(TCATCA)N	58	58	58	58	NA	NA	NA	NA	NA
Other	Simple_repeat	(TCATCATCG)N	44	44	44	44	NA	NA	NA	NA	NA
Other	Simple_repeat	(TCATCC)N	8	8	8	8	NA	NA	NA	NA	NA
Other	Simple_repeat	(TCATCG)N	151	50.33	32	60	15.89	NA	NA	NA	NA
Other	Simple_repeat	(TCATCT)N	54	54	54	54	NA	NA	NA	NA	NA
Other	Simple_repeat	(TCATT)N	29	29	29	29	NA	NA	NA	NA	NA
Other	Simple_repeat	(TCATTC)N	48	48	48	48	NA	NA	NA	NA	NA
Other	Simple_repeat	(TCC)N	2498	52.04	18	165	30.82	NA	NA	NA	NA
Other	Simple_repeat	(TCCA)N	317	45.29	27	85	24.58	NA	NA	NA	NA
Other	Simple_repeat	(TCCAA)N	26	26	26	26	NA	NA	NA	NA	NA
Other	Simple_repeat	(TCCAACC)N	38	38	38	38	NA	NA	NA	NA	NA
Other	Simple_repeat	(TCCACA)N	140	46.67	29	61	16.26	NA	NA	NA	NA
Other	Simple_repeat	(TCCACC)N	150	50	37	72	19.16	NA	NA	NA	NA
Other	Simple_repeat	(TCCACCA)N	192	48	37	53	7.39	NA	NA	NA	NA
Other	Simple_repeat	(TCCACCT)N	34	34	34	34	NA	NA	NA	NA	NA
Other	Simple_repeat	(TCCACG)N	31	31	31	31	NA	NA	NA	NA	NA
Other	Simple_repeat	(TCCAGAC)N	42	42	42	42	NA	NA	NA	NA	NA
Other	Simple_repeat	(TCCAGAG)N	99	99	99	99	NA	NA	NA	NA	NA
Other	Simple_repeat	(TCCAGC)N	39	39	39	39	NA	NA	NA	NA	NA
Other	Simple_repeat	(TCCAT)N	60	60	60	60	NA	NA	NA	NA	NA
Other	Simple_repeat	(TCCATC)N	92	46	33	59	18.38	NA	NA	NA	NA
Other	Simple_repeat	(TCCC)N	612	51	25	111	29.21	NA	NA	NA	NA
Other	Simple_repeat	(TCCCA)N	551	55.1	29	123	31.22	NA	NA	NA	NA
Other	Simple_repeat	(TCCCACC)N	78	39	35	43	5.66	NA	NA	NA	NA
Other	Simple_repeat	(TCCCATTA)N	43	43	43	43	NA	NA	NA	NA	NA
Other	Simple_repeat	(TCCCC)N	237	47.4	8	81	27.68	NA	NA	NA	NA
Other	Simple_repeat	(TCCCCA)N	472	94.4	41	255	90.83	NA	NA	NA	NA
Other	Simple_repeat	(TCCCCC)N	240	48	33	78	18.12	NA	NA	NA	NA
Other	Simple_repeat	(TCCCCCT)N	115	57.5	44	71	19.09	NA	NA	NA	NA
Other	Simple_repeat	(TCCCCT)N	550	91.67	36	144	46	NA	NA	NA	NA
Other	Simple_repeat	(TCCCCTCCA)N	61	61	61	61	NA	NA	NA	NA	NA
Other	Simple_repeat	(TCCCG)N	35	35	35	35	NA	NA	NA	NA	NA
Other	Simple_repeat	(TCCCGA)N	47	47	47	47	NA	NA	NA	NA	NA
Other	Simple_repeat	(TCCCT)N	672	84	29	249	69.49	NA	NA	NA	NA
Other	Simple_repeat	(TCCCTC)N	90	30	12	42	15.87	NA	NA	NA	NA
Other	Simple_repeat	(TCCCTCA)N	56	56	56	56	NA	NA	NA	NA	NA
Other	Simple_repeat	(TCCCTCC)N	66	66	66	66	NA	NA	NA	NA	NA
Other	Simple_repeat	(TCCCTCCTT)N	49	49	49	49	NA	NA	NA	NA	NA
Other	Simple_repeat	(TCCCTT)N	70	70	70	70	NA	NA	NA	NA	NA
Other	Simple_repeat	(TCCGAC)N	55	55	55	55	NA	NA	NA	NA	NA
Other	Simple_repeat	(TCCGCC)N	127	127	127	127	NA	NA	NA	NA	NA
Other	Simple_repeat	(TCCGCG)N	36	36	36	36	NA	NA	NA	NA	NA
Other	Simple_repeat	(TCCGCT)N	38	38	38	38	NA	NA	NA	NA	NA
Other	Simple_repeat	(TCCGGC)N	33	33	33	33	NA	NA	NA	NA	NA
Other	Simple_repeat	(TCCGTC)N	36	36	36	36	NA	NA	NA	NA	NA
Other	Simple_repeat	(TCCT)N	75	25	23	28	2.65	NA	NA	NA	NA
Other	Simple_repeat	(TCCTA)N	35	35	35	35	NA	NA	NA	NA	NA
Other	Simple_repeat	(TCCTC)N	103	51.5	48	55	4.95	NA	NA	NA	NA
Other	Simple_repeat	(TCCTCA)N	70	35	32	38	4.24	NA	NA	NA	NA
Other	Simple_repeat	(TCCTCC)N	175	58.33	32	95	32.75	NA	NA	NA	NA
Other	Simple_repeat	(TCCTCCA)N	87	43.5	38	49	7.78	NA	NA	NA	NA
Other	Simple_repeat	(TCCTCCC)N	45	45	45	45	NA	NA	NA	NA	NA
Other	Simple_repeat	(TCCTCG)N	173	43.25	35	55	8.42	NA	NA	NA	NA
Other	Simple_repeat	(TCCTCT)N	447	55.88	32	95	23.22	NA	NA	NA	NA
Other	Simple_repeat	(TCCTT)N	28	28	28	28	NA	NA	NA	NA	NA
Other	Simple_repeat	(TCCTTC)N	394	78.8	31	185	64.48	NA	NA	NA	NA
Other	Simple_repeat	(TCCTTCT)N	41	41	41	41	NA	NA	NA	NA	NA
Other	Simple_repeat	(TCCTTTC)N	77	77	77	77	NA	NA	NA	NA	NA
Other	Simple_repeat	(TCG)N	695	36.58	17	63	14.38	NA	NA	NA	NA
Other	Simple_repeat	(TCGA)N	33	33	33	33	NA	NA	NA	NA	NA
Other	Simple_repeat	(TCGACG)N	83	41.5	36	47	7.78	NA	NA	NA	NA
Other	Simple_repeat	(TCGACGATC)N	47	47	47	47	NA	NA	NA	NA	NA
Other	Simple_repeat	(TCGC)N	43	43	43	43	NA	NA	NA	NA	NA
Other	Simple_repeat	(TCGCAC)N	35	35	35	35	NA	NA	NA	NA	NA
Other	Simple_repeat	(TCGCAGGA)N	67	67	67	67	NA	NA	NA	NA	NA
Other	Simple_repeat	(TCGCCA)N	35	35	35	35	NA	NA	NA	NA	NA
Other	Simple_repeat	(TCGCCT)N	41	41	41	41	NA	NA	NA	NA	NA
Other	Simple_repeat	(TCGGAA)N	32	32	32	32	NA	NA	NA	NA	NA
Other	Simple_repeat	(TCGGCA)N	44	44	44	44	NA	NA	NA	NA	NA
Other	Simple_repeat	(TCGGCG)N	39	39	39	39	NA	NA	NA	NA	NA
Other	Simple_repeat	(TCGGCT)N	41	41	41	41	NA	NA	NA	NA	NA
Other	Simple_repeat	(TCGTAT)N	48	48	48	48	NA	NA	NA	NA	NA
Other	Simple_repeat	(TCGTC)N	79	39.5	38	41	2.12	NA	NA	NA	NA
Other	Simple_repeat	(TCGTCA)N	38	38	38	38	NA	NA	NA	NA	NA
Other	Simple_repeat	(TCGTCC)N	88	44	41	47	4.24	NA	NA	NA	NA
Other	Simple_repeat	(TCGTCT)N	129	64.5	36	93	40.31	NA	NA	NA	NA
Other	Simple_repeat	(TCGTTATC)N	96	48	48	48	0	NA	NA	NA	NA
Other	Simple_repeat	(TCT)N	1131	33.26	19	56	10.59	NA	NA	NA	NA
Other	Simple_repeat	(TCTA)N	87	29	27	30	1.73	NA	NA	NA	NA
Other	Simple_repeat	(TCTAA)N	40	40	40	40	NA	NA	NA	NA	NA
Other	Simple_repeat	(TCTATTATC)N	158	158	158	158	NA	NA	NA	NA	NA
Other	Simple_repeat	(TCTCA)N	41	41	41	41	NA	NA	NA	NA	NA
Other	Simple_repeat	(TCTCAAG)N	58	29	29	29	0	NA	NA	NA	NA
Other	Simple_repeat	(TCTCACTC)N	35	35	35	35	NA	NA	NA	NA	NA
Other	Simple_repeat	(TCTCC)N	271	45.17	27	68	15.83	NA	NA	NA	NA
Other	Simple_repeat	(TCTCCA)N	157	78.5	59	98	27.58	NA	NA	NA	NA
Other	Simple_repeat	(TCTCCC)N	164	32.8	25	37	4.76	NA	NA	NA	NA
Other	Simple_repeat	(TCTCCCA)N	94	47	35	59	16.97	NA	NA	NA	NA
Other	Simple_repeat	(TCTCCCT)N	58	58	58	58	NA	NA	NA	NA	NA
Other	Simple_repeat	(TCTCCG)N	50	50	50	50	NA	NA	NA	NA	NA
Other	Simple_repeat	(TCTCCT)N	34	34	34	34	NA	NA	NA	NA	NA
Other	Simple_repeat	(TCTCTCCC)N	40	40	40	40	NA	NA	NA	NA	NA
Other	Simple_repeat	(TCTCTGT)N	40	40	40	40	NA	NA	NA	NA	NA
Other	Simple_repeat	(TCTGCT)N	34	34	34	34	NA	NA	NA	NA	NA
Other	Simple_repeat	(TCTGGAT)N	37	37	37	37	NA	NA	NA	NA	NA
Other	Simple_repeat	(TCTGGC)N	177	35.4	33	45	5.37	NA	NA	NA	NA
Other	Simple_repeat	(TCTGGTG)N	32	32	32	32	NA	NA	NA	NA	NA
Other	Simple_repeat	(TCTT)N	131	32.75	27	40	6.75	NA	NA	NA	NA
Other	Simple_repeat	(TCTTC)N	112	56	51	61	7.07	NA	NA	NA	NA
Other	Simple_repeat	(TCTTCA)N	174	58	45	66	11.36	NA	NA	NA	NA
Other	Simple_repeat	(TCTTCC)N	322	40.25	30	52	8.03	NA	NA	NA	NA
Other	Simple_repeat	(TCTTCCA)N	66	66	66	66	NA	NA	NA	NA	NA
Other	Simple_repeat	(TCTTCCTCT)N	78	78	78	78	NA	NA	NA	NA	NA
Other	Simple_repeat	(TCTTCG)N	160	53.33	35	68	16.8	NA	NA	NA	NA
Other	Simple_repeat	(TCTTCT)N	72	36	32	40	5.66	NA	NA	NA	NA
Other	Simple_repeat	(TCTTGC)N	41	41	41	41	NA	NA	NA	NA	NA
Other	Simple_repeat	(TCTTGG)N	37	37	37	37	NA	NA	NA	NA	NA
Other	Simple_repeat	(TCTTT)N	87	43.5	41	46	3.54	NA	NA	NA	NA
Other	Simple_repeat	(TCTTTA)N	435	435	435	435	NA	NA	NA	NA	NA
Other	Simple_repeat	(TCTTTAC)N	65	65	65	65	NA	NA	NA	NA	NA
Other	Simple_repeat	(TCTTTTCT)N	55	55	55	55	NA	NA	NA	NA	NA
Other	Simple_repeat	(TCTTTTG)N	45	45	45	45	NA	NA	NA	NA	NA
Other	Simple_repeat	(TG)N	465	27.35	18	49	8.32	NA	NA	NA	NA
Other	Simple_repeat	(TGA)N	1403	36.92	19	95	16.35	NA	NA	NA	NA
Other	Simple_repeat	(TGAA)N	87	43.5	34	53	13.44	NA	NA	NA	NA
Other	Simple_repeat	(TGAAA)N	55	27.5	27	28	0.71	NA	NA	NA	NA
Other	Simple_repeat	(TGAAG)N	57	57	57	57	NA	NA	NA	NA	NA
Other	Simple_repeat	(TGAAGA)N	56	28	21	35	9.9	NA	NA	NA	NA
Other	Simple_repeat	(TGAAGG)N	39	39	39	39	NA	NA	NA	NA	NA
Other	Simple_repeat	(TGAAGGT)N	31	31	31	31	NA	NA	NA	NA	NA
Other	Simple_repeat	(TGAAGT)N	33	33	33	33	NA	NA	NA	NA	NA
Other	Simple_repeat	(TGAAT)N	28	28	28	28	NA	NA	NA	NA	NA
Other	Simple_repeat	(TGAATAG)N	38	38	38	38	NA	NA	NA	NA	NA
Other	Simple_repeat	(TGAC)N	77	25.67	23	30	3.79	NA	NA	NA	NA
Other	Simple_repeat	(TGACAA)N	65	65	65	65	NA	NA	NA	NA	NA
Other	Simple_repeat	(TGACCT)N	32	32	32	32	NA	NA	NA	NA	NA
Other	Simple_repeat	(TGACTG)N	55	55	55	55	NA	NA	NA	NA	NA
Other	Simple_repeat	(TGAG)N	34	34	34	34	NA	NA	NA	NA	NA
Other	Simple_repeat	(TGAGA)N	42	42	42	42	NA	NA	NA	NA	NA
Other	Simple_repeat	(TGAGAA)N	35	35	35	35	NA	NA	NA	NA	NA
Other	Simple_repeat	(TGAGAG)N	98	98	98	98	NA	NA	NA	NA	NA
Other	Simple_repeat	(TGAGAGG)N	43	43	43	43	NA	NA	NA	NA	NA
Other	Simple_repeat	(TGAGAT)N	39	39	39	39	NA	NA	NA	NA	NA
Other	Simple_repeat	(TGAGCT)N	62	62	62	62	NA	NA	NA	NA	NA
Other	Simple_repeat	(TGAGG)N	27	27	27	27	NA	NA	NA	NA	NA
Other	Simple_repeat	(TGAGGA)N	115	57.5	44	71	19.09	NA	NA	NA	NA
Other	Simple_repeat	(TGAGGGG)N	30	30	30	30	NA	NA	NA	NA	NA
Other	Simple_repeat	(TGAGTGG)N	50	50	50	50	NA	NA	NA	NA	NA
Other	Simple_repeat	(TGAGTT)N	33	33	33	33	NA	NA	NA	NA	NA
Other	Simple_repeat	(TGAT)N	170	34	23	57	13.89	NA	NA	NA	NA
Other	Simple_repeat	(TGATA)N	37	37	37	37	NA	NA	NA	NA	NA
Other	Simple_repeat	(TGATG)N	35	35	35	35	NA	NA	NA	NA	NA
Other	Simple_repeat	(TGATGG)N	39	39	39	39	NA	NA	NA	NA	NA
Other	Simple_repeat	(TGATGGT)N	42	42	42	42	NA	NA	NA	NA	NA
Other	Simple_repeat	(TGATTT)N	44	44	44	44	NA	NA	NA	NA	NA
Other	Simple_repeat	(TGC)N	1147	38.23	19	121	20.68	NA	NA	NA	NA
Other	Simple_repeat	(TGCA)N	69	23	22	24	1	NA	NA	NA	NA
Other	Simple_repeat	(TGCAGC)N	37	37	37	37	NA	NA	NA	NA	NA
Other	Simple_repeat	(TGCAGTG)N	38	38	38	38	NA	NA	NA	NA	NA
Other	Simple_repeat	(TGCATAA)N	77	77	77	77	NA	NA	NA	NA	NA
Other	Simple_repeat	(TGCCAC)N	65	32.5	31	34	2.12	NA	NA	NA	NA
Other	Simple_repeat	(TGCCACCCCC)N	46	46	46	46	NA	NA	NA	NA	NA
Other	Simple_repeat	(TGCCC)N	40	40	40	40	NA	NA	NA	NA	NA
Other	Simple_repeat	(TGCCG)N	28	28	28	28	NA	NA	NA	NA	NA
Other	Simple_repeat	(TGCG)N	26	26	26	26	NA	NA	NA	NA	NA
Other	Simple_repeat	(TGCTGCATC)N	54	54	54	54	NA	NA	NA	NA	NA
Other	Simple_repeat	(TGCTGG)N	44	44	44	44	NA	NA	NA	NA	NA
Other	Simple_repeat	(TGCTGGG)N	62	62	62	62	NA	NA	NA	NA	NA
Other	Simple_repeat	(TGCTGT)N	75	37.5	37	38	0.71	NA	NA	NA	NA
Other	Simple_repeat	(TGCTT)N	26	26	26	26	NA	NA	NA	NA	NA
Other	Simple_repeat	(TGCTTGG)N	53	53	53	53	NA	NA	NA	NA	NA
Other	Simple_repeat	(TGCTTT)N	55	55	55	55	NA	NA	NA	NA	NA
Other	Simple_repeat	(TGG)N	1224	45.33	24	146	25.96	NA	NA	NA	NA
Other	Simple_repeat	(TGGA)N	296	37	22	57	12.33	NA	NA	NA	NA
Other	Simple_repeat	(TGGAAGG)N	37	37	37	37	NA	NA	NA	NA	NA
Other	Simple_repeat	(TGGAC)N	26	26	26	26	NA	NA	NA	NA	NA
Other	Simple_repeat	(TGGAGA)N	105	52.5	45	60	10.61	NA	NA	NA	NA
Other	Simple_repeat	(TGGAGC)N	124	41.33	32	46	8.08	NA	NA	NA	NA
Other	Simple_repeat	(TGGAGG)N	52	26	13	39	18.38	NA	NA	NA	NA
Other	Simple_repeat	(TGGAGGA)N	49	49	49	49	NA	NA	NA	NA	NA
Other	Simple_repeat	(TGGAGGC)N	51	51	51	51	NA	NA	NA	NA	NA
Other	Simple_repeat	(TGGAT)N	189	94.5	51	138	61.52	NA	NA	NA	NA
Other	Simple_repeat	(TGGATG)N	41	41	41	41	NA	NA	NA	NA	NA
Other	Simple_repeat	(TGGATTG)N	7	7	7	7	NA	NA	NA	NA	NA
Other	Simple_repeat	(TGGC)N	73	24.33	23	27	2.31	NA	NA	NA	NA
Other	Simple_repeat	(TGGCA)N	27	27	27	27	NA	NA	NA	NA	NA
Other	Simple_repeat	(TGGCAGA)N	39	39	39	39	NA	NA	NA	NA	NA
Other	Simple_repeat	(TGGCGG)N	206	41.2	33	48	6.46	NA	NA	NA	NA
Other	Simple_repeat	(TGGCGT)N	92	46	44	48	2.83	NA	NA	NA	NA
Other	Simple_repeat	(TGGCT)N	92	46	38	54	11.31	NA	NA	NA	NA
Other	Simple_repeat	(TGGCTG)N	33	33	33	33	NA	NA	NA	NA	NA
Other	Simple_repeat	(TGGG)N	46	23	22	24	1.41	NA	NA	NA	NA
Other	Simple_repeat	(TGGGA)N	122	30.5	28	34	2.52	NA	NA	NA	NA
Other	Simple_repeat	(TGGGAG)N	25	25	25	25	NA	NA	NA	NA	NA
Other	Simple_repeat	(TGGGT)N	28	28	28	28	NA	NA	NA	NA	NA
Other	Simple_repeat	(TGGGTG)N	32	32	32	32	NA	NA	NA	NA	NA
Other	Simple_repeat	(TGGGTGGA)N	37	37	37	37	NA	NA	NA	NA	NA
Other	Simple_repeat	(TGGT)N	35	35	35	35	NA	NA	NA	NA	NA
Other	Simple_repeat	(TGGTC)N	87	87	87	87	NA	NA	NA	NA	NA
Other	Simple_repeat	(TGGTCG)N	30	30	30	30	NA	NA	NA	NA	NA
Other	Simple_repeat	(TGGTCGCT)N	52	52	52	52	NA	NA	NA	NA	NA
Other	Simple_repeat	(TGGTCGTTCG)N	111	111	111	111	NA	NA	NA	NA	NA
Other	Simple_repeat	(TGGTG)N	175	43.75	29	67	16.88	NA	NA	NA	NA
Other	Simple_repeat	(TGGTGA)N	145	72.5	66	79	9.19	NA	NA	NA	NA
Other	Simple_repeat	(TGGTGG)N	128	42.67	40	48	4.62	NA	NA	NA	NA
Other	Simple_repeat	(TGGTGGA)N	36	36	36	36	NA	NA	NA	NA	NA
Other	Simple_repeat	(TGGTGT)N	175	58.33	33	80	23.71	NA	NA	NA	NA
Other	Simple_repeat	(TGGTTGA)N	34	34	34	34	NA	NA	NA	NA	NA
Other	Simple_repeat	(TGT)N	1084	34.97	18	123	19.36	NA	NA	NA	NA
Other	Simple_repeat	(TGTA)N	84	28	22	35	6.56	NA	NA	NA	NA
Other	Simple_repeat	(TGTC)N	57	28.5	28	29	0.71	NA	NA	NA	NA
Other	Simple_repeat	(TGTCA)N	30	30	30	30	NA	NA	NA	NA	NA
Other	Simple_repeat	(TGTCAT)N	142	142	142	142	NA	NA	NA	NA	NA
Other	Simple_repeat	(TGTCC)N	40	40	40	40	NA	NA	NA	NA	NA
Other	Simple_repeat	(TGTCCA)N	36	36	36	36	NA	NA	NA	NA	NA
Other	Simple_repeat	(TGTCGG)N	34	34	34	34	NA	NA	NA	NA	NA
Other	Simple_repeat	(TGTCT)N	29	29	29	29	NA	NA	NA	NA	NA
Other	Simple_repeat	(TGTGGAG)N	44	44	44	44	NA	NA	NA	NA	NA
Other	Simple_repeat	(TGTGT)N	36	36	36	36	NA	NA	NA	NA	NA
Other	Simple_repeat	(TGTGTA)N	86	43	33	53	14.14	NA	NA	NA	NA
Other	Simple_repeat	(TGTT)N	21	21	21	21	NA	NA	NA	NA	NA
Other	Simple_repeat	(TGTTGC)N	257	85.67	30	187	87.9	NA	NA	NA	NA
Other	Simple_repeat	(TGTTGG)N	219	54.75	31	94	28	NA	NA	NA	NA
Other	Simple_repeat	(TGTTGT)N	40	40	40	40	NA	NA	NA	NA	NA
Other	Simple_repeat	(TGTTGTTGG)N	37	37	37	37	NA	NA	NA	NA	NA
Other	Simple_repeat	(TGTTTT)N	30	30	30	30	NA	NA	NA	NA	NA
Other	Simple_repeat	(TT)N	42	42	42	42	NA	NA	NA	NA	NA
Other	Simple_repeat	(TTA)N	77	25.67	23	30	3.79	NA	NA	NA	NA
Other	Simple_repeat	(TTAGA)N	35	35	35	35	NA	NA	NA	NA	NA
Other	Simple_repeat	(TTAGGG)N	329	109.67	91	128	18.5	NA	NA	NA	NA
Other	Simple_repeat	(TTAGTTA)N	47	47	47	47	NA	NA	NA	NA	NA
Other	Simple_repeat	(TTATA)N	29	29	29	29	NA	NA	NA	NA	NA
Other	Simple_repeat	(TTATAA)N	40	40	40	40	NA	NA	NA	NA	NA
Other	Simple_repeat	(TTATT)N	26	26	26	26	NA	NA	NA	NA	NA
Other	Simple_repeat	(TTC)N	2041	46.39	19	226	36.07	NA	NA	NA	NA
Other	Simple_repeat	(TTCA)N	25	25	25	25	NA	NA	NA	NA	NA
Other	Simple_repeat	(TTCAA)N	32	32	32	32	NA	NA	NA	NA	NA
Other	Simple_repeat	(TTCAT)N	27	27	27	27	NA	NA	NA	NA	NA
Other	Simple_repeat	(TTCATC)N	36	36	36	36	NA	NA	NA	NA	NA
Other	Simple_repeat	(TTCC)N	112	28	24	32	3.65	NA	NA	NA	NA
Other	Simple_repeat	(TTCCC)N	47	47	47	47	NA	NA	NA	NA	NA
Other	Simple_repeat	(TTCCCA)N	125	62.5	62	63	0.71	NA	NA	NA	NA
Other	Simple_repeat	(TTCCCC)N	77	38.5	33	44	7.78	NA	NA	NA	NA
Other	Simple_repeat	(TTCCCCC)N	98	98	98	98	NA	NA	NA	NA	NA
Other	Simple_repeat	(TTCCGC)N	39	39	39	39	NA	NA	NA	NA	NA
Other	Simple_repeat	(TTCCT)N	67	33.5	30	37	4.95	NA	NA	NA	NA
Other	Simple_repeat	(TTCCTC)N	35	35	35	35	NA	NA	NA	NA	NA
Other	Simple_repeat	(TTCCTTT)N	38	38	38	38	NA	NA	NA	NA	NA
Other	Simple_repeat	(TTCGC)N	26	26	26	26	NA	NA	NA	NA	NA
Other	Simple_repeat	(TTCGCC)N	39	39	39	39	NA	NA	NA	NA	NA
Other	Simple_repeat	(TTCGTC)N	149	49.67	32	63	15.95	NA	NA	NA	NA
Other	Simple_repeat	(TTCT)N	58	29	28	30	1.41	NA	NA	NA	NA
Other	Simple_repeat	(TTCTCC)N	307	51.17	7	92	32.29	NA	NA	NA	NA
Other	Simple_repeat	(TTCTCG)N	21	21	21	21	NA	NA	NA	NA	NA
Other	Simple_repeat	(TTCTGC)N	33	33	33	33	NA	NA	NA	NA	NA
Other	Simple_repeat	(TTCTGTG)N	46	46	46	46	NA	NA	NA	NA	NA
Other	Simple_repeat	(TTCTTCA)N	41	41	41	41	NA	NA	NA	NA	NA
Other	Simple_repeat	(TTCTTCT)N	39	39	39	39	NA	NA	NA	NA	NA
Other	Simple_repeat	(TTCTTT)N	73	36.5	34	39	3.54	NA	NA	NA	NA
Other	Simple_repeat	(TTG)N	317	28.82	21	62	12.06	NA	NA	NA	NA
Other	Simple_repeat	(TTGA)N	135	67.5	29	106	54.45	NA	NA	NA	NA
Other	Simple_repeat	(TTGAGC)N	37	37	37	37	NA	NA	NA	NA	NA
Other	Simple_repeat	(TTGAGG)N	127	63.5	37	90	37.48	NA	NA	NA	NA
Other	Simple_repeat	(TTGAT)N	28	28	28	28	NA	NA	NA	NA	NA
Other	Simple_repeat	(TTGATG)N	39	39	39	39	NA	NA	NA	NA	NA
Other	Simple_repeat	(TTGC)N	49	24.5	24	25	0.71	NA	NA	NA	NA
Other	Simple_repeat	(TTGCT)N	28	28	28	28	NA	NA	NA	NA	NA
Other	Simple_repeat	(TTGCTC)N	40	40	40	40	NA	NA	NA	NA	NA
Other	Simple_repeat	(TTGCTG)N	36	36	36	36	NA	NA	NA	NA	NA
Other	Simple_repeat	(TTGG)N	51	25.5	23	28	3.54	NA	NA	NA	NA
Other	Simple_repeat	(TTGGA)N	29	29	29	29	NA	NA	NA	NA	NA
Other	Simple_repeat	(TTGGAT)N	36	36	36	36	NA	NA	NA	NA	NA
Other	Simple_repeat	(TTGGCG)N	35	35	35	35	NA	NA	NA	NA	NA
Other	Simple_repeat	(TTGGCT)N	35	35	35	35	NA	NA	NA	NA	NA
Other	Simple_repeat	(TTGGTCA)N	32	32	32	32	NA	NA	NA	NA	NA
Other	Simple_repeat	(TTGGTT)N	41	41	41	41	NA	NA	NA	NA	NA
Other	Simple_repeat	(TTGT)N	29	29	29	29	NA	NA	NA	NA	NA
Other	Simple_repeat	(TTGTA)N	28	28	28	28	NA	NA	NA	NA	NA
Other	Simple_repeat	(TTGTCA)N	75	37.5	34	41	4.95	NA	NA	NA	NA
Other	Simple_repeat	(TTGTCGT)N	40	40	40	40	NA	NA	NA	NA	NA
Other	Simple_repeat	(TTGTGA)N	54	54	54	54	NA	NA	NA	NA	NA
Other	Simple_repeat	(TTGTTA)N	25	25	25	25	NA	NA	NA	NA	NA
Other	Simple_repeat	(TTGTTG)N	43	43	43	43	NA	NA	NA	NA	NA
Other	Simple_repeat	(TTT)N	45	45	45	45	NA	NA	NA	NA	NA
Other	Simple_repeat	(TTTAATT)N	53	53	53	53	NA	NA	NA	NA	NA
Other	Simple_repeat	(TTTACT)N	44	44	44	44	NA	NA	NA	NA	NA
Other	Simple_repeat	(TTTAGT)N	38	38	38	38	NA	NA	NA	NA	NA
Other	Simple_repeat	(TTTATC)N	30	30	30	30	NA	NA	NA	NA	NA
Other	Simple_repeat	(TTTATTA)N	44	44	44	44	NA	NA	NA	NA	NA
Other	Simple_repeat	(TTTC)N	612	43.71	9	62	14.49	NA	NA	NA	NA
Other	Simple_repeat	(TTTCAT)N	34	34	34	34	NA	NA	NA	NA	NA
Other	Simple_repeat	(TTTCC)N	68	34	29	39	7.07	NA	NA	NA	NA
Other	Simple_repeat	(TTTCCC)N	35	35	35	35	NA	NA	NA	NA	NA
Other	Simple_repeat	(TTTCCCCT)N	41	41	41	41	NA	NA	NA	NA	NA
Other	Simple_repeat	(TTTCCCT)N	50	50	50	50	NA	NA	NA	NA	NA
Other	Simple_repeat	(TTTCCT)N	33	33	33	33	NA	NA	NA	NA	NA
Other	Simple_repeat	(TTTCCTT)N	34	34	34	34	NA	NA	NA	NA	NA
Other	Simple_repeat	(TTTCG)N	48	48	48	48	NA	NA	NA	NA	NA
Other	Simple_repeat	(TTTCGACT)N	43	43	43	43	NA	NA	NA	NA	NA
Other	Simple_repeat	(TTTCT)N	70	35	35	35	0	NA	NA	NA	NA
Other	Simple_repeat	(TTTCTC)N	100	33.33	26	43	8.74	NA	NA	NA	NA
Other	Simple_repeat	(TTTCTT)N	33	33	33	33	NA	NA	NA	NA	NA
Other	Simple_repeat	(TTTG)N	26	26	26	26	NA	NA	NA	NA	NA
Other	Simple_repeat	(TTTGAT)N	77	38.5	33	44	7.78	NA	NA	NA	NA
Other	Simple_repeat	(TTTGCCT)N	35	35	35	35	NA	NA	NA	NA	NA
Other	Simple_repeat	(TTTGCG)N	12	12	12	12	NA	NA	NA	NA	NA
Other	Simple_repeat	(TTTGG)N	34	34	34	34	NA	NA	NA	NA	NA
Other	Simple_repeat	(TTTGT)N	30	30	30	30	NA	NA	NA	NA	NA
Other	Simple_repeat	(TTTGTG)N	31	31	31	31	NA	NA	NA	NA	NA
Other	Simple_repeat	(TTTTC)N	246	61.5	29	148	57.8	NA	NA	NA	NA
Other	Simple_repeat	(TTTTCT)N	41	41	41	41	NA	NA	NA	NA	NA
Other	Simple_repeat	(TTTTG)N	29	29	29	29	NA	NA	NA	NA	NA
Other	Simple_repeat	(TTTTGTT)N	59	59	59	59	NA	NA	NA	NA	NA
Other	Simple_repeat	(TTTTTC)N	33	33	33	33	NA	NA	NA	NA	NA
Other	Simple_repeat	(TTTTTTC)N	32	32	32	32	NA	NA	NA	NA	NA
Other	Simple_repeat	RND-1_FAMILY-21	612	122.4	100	131	13.56	NA	NA	NA	NA
Unknown	Unknown	RND-1_FAMILY-10	613	122.6	61	204	72.71	NA	NA	NA	NA
Unknown	Unknown	RND-1_FAMILY-12	706	141.2	77	188	58.73	NA	NA	NA	NA
Unknown	Unknown	RND-1_FAMILY-13	551	137.75	34	191	72.67	NA	NA	NA	NA
Unknown	Unknown	RND-1_FAMILY-14	721	144.2	18	201	73.16	NA	NA	NA	NA
Unknown	Unknown	RND-1_FAMILY-15	589	117.8	114	124	4.44	NA	NA	NA	NA
Unknown	Unknown	RND-1_FAMILY-16	4054	337.83	80	701	241.44	NA	NA	NA	NA
Unknown	Unknown	RND-1_FAMILY-18	345	57.5	45	60	6.12	NA	NA	NA	NA
Unknown	Unknown	RND-1_FAMILY-19	3778	151.12	19	334	104.42	NA	NA	NA	NA
Unknown	Unknown	RND-1_FAMILY-20	7216	360.8	38	1050	289.61	NA	NA	NA	NA
Unknown	Unknown	RND-1_FAMILY-22	2677	334.62	122	532	142.14	NA	NA	NA	NA
Unknown	Unknown	RND-1_FAMILY-23	3669	146.76	29	271	81.65	NA	NA	NA	NA
Unknown	Unknown	RND-1_FAMILY-25	7684	452	115	595	213.46	NA	NA	NA	NA
Unknown	Unknown	RND-1_FAMILY-27	21821	186.5	39	429	61.81	NA	NA	NA	NA
Unknown	Unknown	RND-1_FAMILY-29	14896	572.92	160	1668	467.99	NA	NA	NA	NA
Unknown	Unknown	RND-1_FAMILY-3	6237	3118.5	3103	3134	21.92	NA	NA	NA	NA
Unknown	Unknown	RND-1_FAMILY-31	918	61.2	39	97	22.63	NA	NA	NA	NA
Unknown	Unknown	RND-1_FAMILY-32	1219	55.41	41	92	10.18	NA	NA	NA	NA
Unknown	Unknown	RND-1_FAMILY-33	17135	180.37	32	380	71.03	NA	NA	NA	NA
Unknown	Unknown	RND-1_FAMILY-34	15883	794.15	35	1654	651.23	NA	NA	NA	NA
Unknown	Unknown	RND-1_FAMILY-35	538	89.67	87	95	2.88	NA	NA	NA	NA
Unknown	Unknown	RND-1_FAMILY-36	95986	1432.63	28	2908	558.28	NA	NA	NA	NA
Unknown	Unknown	RND-1_FAMILY-37	2454	245.4	122	385	95.48	NA	NA	NA	NA
Unknown	Unknown	RND-1_FAMILY-4	3305	472.14	56	831	347.35	NA	NA	NA	NA
Unknown	Unknown	RND-1_FAMILY-40	9657	419.87	29	1549	472.42	NA	NA	NA	NA
Unknown	Unknown	RND-1_FAMILY-41	5404	128.67	44	168	30.01	NA	NA	NA	NA
Unknown	Unknown	RND-1_FAMILY-42	4014	174.52	52	367	68.38	NA	NA	NA	NA
Unknown	Unknown	RND-1_FAMILY-43	3517	586.17	581	591	4.02	NA	NA	NA	NA
Unknown	Unknown	RND-1_FAMILY-44	7761	456.53	67	1523	459.53	NA	NA	NA	NA
Unknown	Unknown	RND-1_FAMILY-46	4931	71.46	43	91	11.28	NA	NA	NA	NA
Unknown	Unknown	RND-1_FAMILY-50	6919	230.63	17	1112	211.65	NA	NA	NA	NA
Unknown	Unknown	RND-1_FAMILY-52	6141	307.05	35	1094	348.67	NA	NA	NA	NA
Unknown	Unknown	RND-1_FAMILY-53	1664	151.27	51	322	108.24	NA	NA	NA	NA
Unknown	Unknown	RND-1_FAMILY-55	786	112.29	72	131	23.21	NA	NA	NA	NA
Unknown	Unknown	RND-1_FAMILY-58	2677	140.89	56	210	42.17	NA	NA	NA	NA
Unknown	Unknown	RND-1_FAMILY-59	1077	76.93	16	219	55.12	NA	NA	NA	NA
Unknown	Unknown	RND-1_FAMILY-6	11667	448.73	46	1748	467.56	NA	NA	NA	NA
Unknown	Unknown	RND-1_FAMILY-60	2486	82.87	18	98	16.8	NA	NA	NA	NA
Unknown	Unknown	RND-1_FAMILY-61	2154	79.78	38	106	16.94	NA	NA	NA	NA
Unknown	Unknown	RND-1_FAMILY-62	3437	202.18	65	234	50.99	NA	NA	NA	NA
Unknown	Unknown	RND-1_FAMILY-63	1819	107	37	187	53.25	NA	NA	NA	NA
Unknown	Unknown	RND-1_FAMILY-65	2607	76.68	37	85	9.39	NA	NA	NA	NA
Unknown	Unknown	RND-1_FAMILY-67	1411	88.19	39	139	38.66	NA	NA	NA	NA
Unknown	Unknown	RND-1_FAMILY-69	15877	2646.17	1892	3130	572.6	NA	NA	NA	NA
Unknown	Unknown	RND-1_FAMILY-7	2004	133.6	34	255	70.15	NA	NA	NA	NA
Unknown	Unknown	RND-1_FAMILY-71	13888	1388.8	196	3563	1528.79	NA	NA	NA	NA
Unknown	Unknown	RND-1_FAMILY-72	1470	245	66	434	151.91	NA	NA	NA	NA
Unknown	Unknown	RND-1_FAMILY-74	2168	67.75	25	133	22.72	NA	NA	NA	NA
Unknown	Unknown	RND-1_FAMILY-77	869	124.14	69	139	24.69	NA	NA	NA	NA
Unknown	Unknown	RND-1_FAMILY-79	29738	1486.9	67	5441	1883.84	NA	NA	NA	NA
Unknown	Unknown	RND-1_FAMILY-8	1447	72.35	41	89	12.79	NA	NA	NA	NA
Unknown	Unknown	RND-1_FAMILY-80	3398	226.53	56	420	131.74	NA	NA	NA	NA
Unknown	Unknown	RND-1_FAMILY-82	3001	272.82	91	668	246.04	NA	NA	NA	NA
Unknown	Unknown	RND-1_FAMILY-83	3091	81.34	47	101	11.64	NA	NA	NA	NA
Unknown	Unknown	RND-1_FAMILY-85	2847	406.71	51	728	301.22	NA	NA	NA	NA
Unknown	Unknown	RND-1_FAMILY-87	5791	304.79	37	561	208.76	NA	NA	NA	NA
Unknown	Unknown	RND-1_FAMILY-88	3320	195.29	43	276	79.32	NA	NA	NA	NA
Unknown	Unknown	RND-1_FAMILY-89	10473	551.21	69	1582	554.97	NA	NA	NA	NA
Unknown	Unknown	RND-1_FAMILY-9	972	194.4	88	222	59.5	NA	NA	NA	NA
Unknown	Unknown	RND-1_FAMILY-90	4034	82.33	39	101	12.54	NA	NA	NA	NA
Unknown	Unknown	RND-1_FAMILY-91	1528	76.4	43	92	11.86	NA	NA	NA	NA
Unknown	Unknown	RND-1_FAMILY-93	3606	189.79	35	432	105.92	NA	NA	NA	NA
Unknown	Unknown	RND-1_FAMILY-94	410	68.33	54	82	14.99	NA	NA	NA	NA
Unknown	Unknown	RND-1_FAMILY-96	2086	74.5	48	108	11.79	NA	NA	NA	NA
Unknown	Unknown	RND-1_FAMILY-97	5645	313.61	27	951	307.13	NA	NA	NA	NA
Unknown	Unknown	RND-1_FAMILY-98	338	112.67	112	113	0.58	NA	NA	NA	NA
Unknown	Unknown	RND-1_FAMILY-99	3395	82.8	67	94	6.85	NA	NA	NA	NA
Unknown	Unknown	RND-2_FAMILY-65	10449	141.2	42	406	58.86	NA	NA	NA	NA
Unknown	Unknown	RND-2_FAMILY-92	31568	526.13	362	960	98.91	NA	NA	NA	NA
Unknown	Unknown	RND-3_FAMILY-135	2921	139.1	36	246	67.73	NA	NA	NA	NA
Unknown	Unknown	RND-3_FAMILY-258	4408	68.88	44	127	14.68	NA	NA	NA	NA
Unknown	Unknown	RND-3_FAMILY-390	17724	108.07	38	337	40.29	NA	NA	NA	NA
Unknown	Unknown	RND-3_FAMILY-448	9289	98.82	20	211	47.1	NA	NA	NA	NA
Unknown	Unknown	RND-3_FAMILY-559	7813	134.71	40	245	65.63	NA	NA	NA	NA
Unknown	Unknown	RND-3_FAMILY-62	9583	330.45	43	1471	364.71	NA	NA	NA	NA
