Table S14. Metadata of lichen-associated genomes used to find signatures of Starship horizontal transfer amongst lichen symbionts.								
Genome ID	Accession ID	Species	Genus	Class	Lifestyle	Host	Assembly Release Date	WGS project accession
alyxoria.varia.1	GCA_026054675.1	Alyxoria_varia	Alyxoria	Arthoniomycetes	Lichen-forming	N/A	11/7/22	JAPETI01
arthonia.radiata.1	GCA_002989075.1	Arthonia_radiata	Arthonia	Arthoniomycetes	Lichen-forming	N/A	3/9/18	PSQN01
arthonia.rubella.1	GCA_964256465.1	Arthonia_rubella	Arthonia	Arthoniomycetes	Lichen-forming	N/A	9/21/24	CAXVBU01
arthonia.susa.1	GCA_964256665.1	Arthonia_susa	Arthonia	Arthoniomycetes	Lichen-forming	N/A	9/21/24	CAXVBT01
arthoniomycete.sp..1	GCA_049996255.1	Arthoniomycete_sp.	Arthoniomycete_sp.	Arthoniomycetes	Non-mycobiont lichen-associated	Umbillicaria	4/29/25	JBAWTR01
arthoniomycete.sp..2	GCA_964257325.1	Arthoniomycete_sp.	Arthoniomycete_sp.	Arthoniomycetes	Lichen-forming	N/A	9/21/24	CAXVEJ01
arthothelium.ruanum.1	GCA_964255825.1	Arthothelium_ruanum	Arthothelium	Arthoniomycetes	Lichen-forming	N/A	9/21/24	CAXUZJ01
chrysothrix.sp..1	GCA_026023555.1	Chrysothrix_sp.	Chrysothrix	Arthoniomycetes	Lichen-forming	N/A	11/7/22	JAPETR01
coniocarpon.cinnabarinum.1	GCA_051942205.1	Coniocarpon_cinnabarinum	Coniocarpon	Arthoniomycetes	Lichen-forming	N/A	8/12/25	JAVECO01
coniocarpon.cinnabarinum.2	GCA_051942265.1	Coniocarpon_cinnabarinum	Coniocarpon	Arthoniomycetes	Lichen-forming	N/A	8/12/25	JAVECK01
opegrapha.moroziana.1	GCA_964257255.1	Opegrapha_moroziana	Opegrapha	Arthoniomycetes	Lichen-forming	N/A	9/21/24	CAXVED01
zwackhia.viridis.1	GCA_964255065.1	Zwackhia_viridis	Zwackhia	Arthoniomycetes	Lichen-forming	N/A	9/21/24	CAXUUG01
mycosphaerellales.sp..1	GCA_049996175.1	Mycosphaerellales_sp.	Mycosphaerellales_sp.	Dothidiomycetes	Non-mycobiont lichen-associated	Umbillicaria	4/29/25	JBAWTN01
mycosphaerellales.sp..2	GCA_049996215.1	Mycosphaerellales_sp.	Mycosphaerellales_sp.	Dothidiomycetes	Non-mycobiont lichen-associated	Umbillicaria	4/29/25	JBAWTP01
pseudopyrenochaetaceae.sp..1	GCA_049996235.1	Pseudopyrenochaetaceae_sp.	Pseudopyrenochaetaceae_sp.	Dothidiomycetes	Non-mycobiont lichen-associated	Umbillicaria	4/29/25	JBAWTQ01
teratosphaeriaceae.sp..1	GCA_049996275.1	Teratosphaeriaceae_sp.	Teratosphaeriaceae_sp.	Dothidiomycetes	Non-mycobiont lichen-associated	Umbillicaria	4/29/25	JBAWTS01
chaetothyriales.sp..1	GCA_049996355.1	Chaetothyriales_sp.	Chaetothyriales_sp.	Eurotiomycetes	Non-mycobiont lichen-associated	Umbillicaria	4/29/25	JBAWTW01
cladophialophora.endolichena.1	GCA_049996375.1	Cladophialophora_endolichena	Cladophialophora	Eurotiomycetes	Non-mycobiont lichen-associated	Umbillicaria	4/29/25	JBAWTX01
cladophialophora.sp..1	GCA_049996295.1	Cladophialophora_sp.	Cladophialophora	Eurotiomycetes	Non-mycobiont lichen-associated	Umbillicaria	4/29/25	JBAWTT01
cladophialophora.sp..2	GCA_049996315.1	Cladophialophora_sp.	Cladophialophora	Eurotiomycetes	Non-mycobiont lichen-associated	Umbillicaria	4/29/25	JBAWTU01
endocarpon.pusillum.1	GCA_000464535.1	Endocarpon_pusillum	Endocarpon	Eurotiomycetes	Lichen-forming	N/A	9/5/13	APWS01
endocarpon.pusillum.2	GCA_000611755.1	Endocarpon_pusillum	Endocarpon	Eurotiomycetes	Lichen-forming	N/A	4/2/14	JFDM01
endocarpon.pusillum.3	GCA_014607435.1	Endocarpon_pusillum	Endocarpon	Eurotiomycetes	Lichen-forming	N/A	9/16/20	JAACFV01
exophiala.sp..1	GCA_049996405.1	Exophiala_sp.	Exophiala	Eurotiomycetes	Non-mycobiont lichen-associated	Umbillicaria	4/29/25	JBAWTY01
melanina.sp..1	GCA_049996335.1	Melanina_sp.	Melanina	Eurotiomycetes	Non-mycobiont lichen-associated	Umbillicaria	4/29/25	JBAWTV01
melanina.sp..2	GCA_049996395.1	Melanina_sp.	Melanina	Eurotiomycetes	Non-mycobiont lichen-associated	Umbillicaria	4/29/25	JBAWTZ01
muellerella.sp..1	GCA_049996195.1	Muellerella_sp.	Muellerella	Eurotiomycetes	Non-mycobiont lichen-associated	Umbillicaria	4/29/25	JBAWTO01
paracladophialophora.sp..1	GCA_049996155.1	Paracladophialophora_sp.	Paracladophialophora	Eurotiomycetes	Non-mycobiont lichen-associated	Umbillicaria	4/29/25	JBAWTM01
acanthothecis.fontana.1	GCA_964256675.1	Acanthothecis_fontana	Acanthothecis	Lecanoromycetes	Lichen-forming	N/A	9/21/24	CAXVDH01
acarospora.socialis.1	GCA_025617375.2	Acarospora_socialis	Acarospora	Lecanoromycetes	Lichen-forming	N/A	3/31/23	JAMYGW02
acarospora.sp..1	GCA_964255005.1	Acarospora_sp.	Acarospora	Lecanoromycetes	Lichen-forming	N/A	9/21/24	CAXUUZ01
acarospora.strigata.1	GCA_022814355.1	Acarospora_strigata	Acarospora	Lecanoromycetes	Lichen-forming	N/A	4/4/22	JALDZA01
acarospora.strigata.2	GCA_964256185.1	Acarospora_strigata	Acarospora	Lecanoromycetes	Lichen-forming	N/A	9/21/24	CAXUZR01
agyrium.rufum.1	GCA_022814335.1	Agyrium_rufum	Agyrium	Lecanoromycetes	Lichen-forming	N/A	4/4/22	JALDZB01
alectoria.fallacina.1	GCA_905337325.1	Alectoria_fallacina	Alectoria	Lecanoromycetes	Lichen-forming	N/A	3/25/21	CAJPDR01
alectoria.fallacina.2	GCA_964255875.1	Alectoria_fallacina	Alectoria	Lecanoromycetes	Lichen-forming	N/A	9/21/24	CAXUZS01
alectoria.ochroleuca.1	GCA_964257205.1	Alectoria_ochroleuca	Alectoria	Lecanoromycetes	Lichen-forming	N/A	9/21/24	CAXVDO01
alectoria.sarmentosa.1	GCA_964255965.1	Alectoria_sarmentosa	Alectoria	Lecanoromycetes	Lichen-forming	N/A	9/21/24	CAXUYW01
alectoria.sarmentosa.2	GCA_009733775.1	Alectoria_sarmentosa	Alectoria	Lecanoromycetes	Lichen-forming	N/A	12/6/19	WOGZ01
alectoria.sarmentosa.3	GCA_904859925.1	Alectoria_sarmentosa	Alectoria	Lecanoromycetes	Lichen-forming	N/A	7/19/23	CAJHES01
alectoria.sarmentosa.4	GCA_904859945.1	Alectoria_sarmentosa	Alectoria	Lecanoromycetes	Lichen-forming	N/A	7/19/23	CAJHER01
alectoria.sp..1	GCA_937857905.1	Alectoria_sp.	Alectoria	Lecanoromycetes	Lichen-forming	N/A	1/12/23	CALEER01
anzia.colpodes.1	GCA_964254895.1	Anzia_colpodes	Anzia	Lecanoromycetes	Lichen-forming	N/A	9/21/24	CAXUXD01
aspicilia.laevata.1	GCA_964257315.1	Aspicilia_laevata	Aspicilia	Lecanoromycetes	Lichen-forming	N/A	9/21/24	CAXVER01
bachmanniomyces.sp..1	GCA_022814255.1	Bachmanniomyces_sp.	Bachmanniomyces	Lecanoromycetes	Lichen-forming	N/A	4/4/22	JALDZF01
bachmanniomyces.sp..2	GCA_964257385.1	Bachmanniomyces_sp.	Bachmanniomyces	Lecanoromycetes	Lichen-forming	N/A	9/21/24	CAXVEI01
bacidia.gigantensis.1	GCA_019456465.1	Bacidia_gigantensis	Bacidia	Lecanoromycetes	Lichen-forming	N/A	8/6/21	JAHXPR01
bacidia.rubella.1	GCA_032158265.1	Bacidia_rubella	Bacidia	Lecanoromycetes	Lichen-forming	N/A	9/28/23	JAVTIF01
baeomycetales.sp..1	GCA_964255745.1	Baeomycetales_sp.	Baeomycetales_sp.	Lecanoromycetes	Lichen-forming	N/A	9/21/24	CAXUYN01
baeomycetales.sp..2	GCA_964254815.1	Baeomycetales_sp.	Baeomycetales_sp.	Lecanoromycetes	Lichen-forming	N/A	9/21/24	CAXUVC01
baeomycetales.sp..3	GCA_964257565.1	Baeomycetales_sp.	Baeomycetales_sp.	Lecanoromycetes	Lichen-forming	N/A	9/21/24	CAXVFJ01
baeomycetales.sp..4	GCA_964254865.1	Baeomycetales_sp.	Baeomycetales_sp.	Lecanoromycetes	Lichen-forming	N/A	9/21/24	CAXUXO01
biatora.appalachensis.1	GCA_964256235.1	Biatora_appalachensis	Biatora	Lecanoromycetes	Lichen-forming	N/A	9/21/24	CAXVAA01
biatora.pontica.1	GCA_964255495.1	Biatora_pontica	Biatora	Lecanoromycetes	Lichen-forming	N/A	9/21/24	CAXUWI01
blastenia.crenularia.1	GCA_051941205.1	Blastenia_crenularia	Blastenia	Lecanoromycetes	Lichen-forming	N/A	8/12/25	JAVEBG01
botryolepraria.lesdainii.1	GCA_964256435.1	Botryolepraria_lesdainii	Botryolepraria	Lecanoromycetes	Lichen-forming	N/A	9/21/24	CAXVBJ01
brianaria.bauschiana.1	GCA_964255265.1	Brianaria_bauschiana	Brianaria	Lecanoromycetes	Lichen-forming	N/A	9/21/24	CAXUXS01
brigantiaea.leucoxantha.1	GCA_051941505.1	Brigantiaea_leucoxantha	Brigantiaea	Lecanoromycetes	Lichen-forming	N/A	8/12/25	JAVEAU01
brigantiaea.leucoxantha.2	GCA_964254945.1	Brigantiaea_leucoxantha	Brigantiaea	Lecanoromycetes	Lichen-forming	N/A	9/21/24	CAXUWT01
bryoria.fremontii.1	GCA_964254905.1	Bryoria_fremontii	Bryoria	Lecanoromycetes	Lichen-forming	N/A	9/21/24	CAXUUC01
bryoria.tenuis.1	GCA_964255205.1	Bryoria_tenuis	Bryoria	Lecanoromycetes	Lichen-forming	N/A	9/21/24	CAXUWM01
buellia.mamillana.1	GCA_964256085.1	Buellia_mamillana	Buellia	Lecanoromycetes	Lichen-forming	N/A	9/21/24	CAXUZP01
buellia.spuria.1	GCA_964256355.1	Buellia_spuria	Buellia	Lecanoromycetes	Lichen-forming	N/A	9/21/24	CAXVAG01
buellia.spuria.2	GCA_964256835.1	Buellia_spuria	Buellia	Lecanoromycetes	Lichen-forming	N/A	9/21/24	CAXVDX01
buellia.stillingiana.1	GCA_964256125.1	Buellia_stillingiana	Buellia	Lecanoromycetes	Lichen-forming	N/A	9/21/24	CAXVAX01
bulbothrix.scortella.1	GCA_964256735.1	Bulbothrix_scortella	Bulbothrix	Lecanoromycetes	Lichen-forming	N/A	9/21/24	CAXVCE01
byssoloma.meadii.1	GCA_964254735.1	Byssoloma_meadii	Byssoloma	Lecanoromycetes	Lichen-forming	N/A	9/21/24	CAXUUQ01
byssoloma.subdiscordans.1	GCA_964254835.1	Byssoloma_subdiscordans	Byssoloma	Lecanoromycetes	Lichen-forming	N/A	9/21/24	CAXUUD01
calogaya.arnoldii.1	GCA_051941235.1	Calogaya_arnoldii	Calogaya	Lecanoromycetes	Lichen-forming	N/A	8/12/25	JAVEBK01
calogaya.arnoldii.2	GCA_051941725.1	Calogaya_arnoldii	Calogaya	Lecanoromycetes	Lichen-forming	N/A	8/12/25	JAVEAF01
caloplaca.aegaea.1	GCA_023646655.1	Caloplaca_aegaea	Caloplaca	Lecanoromycetes	Lichen-forming	N/A	6/2/22	JALAIP01
caloplaca.aetnensis.1	GCA_023646255.1	Caloplaca_aetnensis	Caloplaca	Lecanoromycetes	Lichen-forming	N/A	6/2/22	JALAIC01
caloplaca.ligustica.1	GCA_023645885.1	Caloplaca_ligustica	Caloplaca	Lecanoromycetes	Lichen-forming	N/A	6/2/22	JALAIE01
caloplaca.sp..1	GCA_051941525.1	Caloplaca_sp.	Caloplaca	Lecanoromycetes	Lichen-forming	N/A	8/12/25	JAVEAR01
caloplaca.sp..2	GCA_051941485.1	Caloplaca_sp.	Caloplaca	Lecanoromycetes	Lichen-forming	N/A	8/12/25	JAVEAT01
caloplaca.sp..3	GCA_052059075.1	Caloplaca_sp.	Caloplaca	Lecanoromycetes	Lichen-forming	N/A	8/15/25	JAVEAY01
cetradonia.linearis.1	GCA_003521265.1	Cetradonia_linearis	Cetradonia	Lecanoromycetes	Lichen-forming	N/A	9/10/18	QKZZ01
cetrelia.chicitae.1	GCA_964257465.1	Cetrelia_chicitae	Cetrelia	Lecanoromycetes	Lichen-forming	N/A	9/21/24	CAXVFK01
cetrelia.olivetorum.1	GCA_964255315.1	Cetrelia_olivetorum	Cetrelia	Lecanoromycetes	Lichen-forming	N/A	9/21/24	CAXUWO01
circinaria.calcarea.1	GCA_051942165.1	Circinaria_calcarea	Circinaria	Lecanoromycetes	Lichen-forming	N/A	8/12/25	JAVECS01
cladonia.arbuscula.1	GCA_964255635.1	Cladonia_arbuscula	Cladonia	Lecanoromycetes	Lichen-forming	N/A	9/21/24	CAXUXX01
cladonia.borealis.1	GCA_018257855.2	Cladonia_borealis	Cladonia	Lecanoromycetes	Lichen-forming	N/A	7/12/23	JAFEKC02
cladonia.caroliniana.1	GCA_964256855.1	Cladonia_caroliniana	Cladonia	Lecanoromycetes	Lichen-forming	N/A	9/21/24	CAXVCL01
cladonia.coccifera.1	GCA_964254445.1	Cladonia_coccifera	Cladonia	Lecanoromycetes	Lichen-forming	N/A	9/21/24	CAXUUS01
cladonia.didyma.1	GCA_964255485.1	Cladonia_didyma	Cladonia	Lecanoromycetes	Lichen-forming	N/A	9/21/24	CAXUXM01
cladonia.diversa.1	GCA_964605785.1	Cladonia_diversa	Cladonia	Lecanoromycetes	Lichen-forming	N/A	1/2/25	CAZSEB01
cladonia.diversa.2	GCA_964605305.1	Cladonia_diversa	Cladonia	Lecanoromycetes	Lichen-forming	N/A	1/2/25	CAZSCN01
cladonia.furcata.1	GCA_964255445.1	Cladonia_furcata	Cladonia	Lecanoromycetes	Lichen-forming	N/A	9/21/24	CAXUWC01
cladonia.grayi.1	GCA_964255175.1	Cladonia_grayi	Cladonia	Lecanoromycetes	Lichen-forming	N/A	9/21/24	CAXUWB01
cladonia.kurokawae.1	GCA_054654975.1	Cladonia_kurokawae	Cladonia	Lecanoromycetes	Lichen-forming	N/A	9/25/25	BAAIEH01
cladonia.leporina.1	GCA_964254565.1	Cladonia_leporina	Cladonia	Lecanoromycetes	Lichen-forming	N/A	9/21/24	CAXUUT01
cladonia.macilenta.1	GCA_964254615.1	Cladonia_macilenta	Cladonia	Lecanoromycetes	Lichen-forming	N/A	9/21/24	CAXUWP01
cladonia.macilenta.2	GCA_000444155.1	Cladonia_macilenta	Cladonia	Lecanoromycetes	Lichen-forming	N/A	8/6/13	AUPP01
cladonia.mateocyatha.1	GCA_964254505.1	Cladonia_mateocyatha	Cladonia	Lecanoromycetes	Lichen-forming	N/A	9/21/24	CAXUUM01
cladonia.metacorallifera.1	GCA_000482085.2	Cladonia_metacorallifera	Cladonia	Lecanoromycetes	Lichen-forming	N/A	1/7/14	AXCT02
cladonia.ochrochlora.1	GCA_964256405.1	Cladonia_ochrochlora	Cladonia	Lecanoromycetes	Lichen-forming	N/A	9/21/24	CAXVBG01
cladonia.petrophila.1	GCA_964256395.1	Cladonia_petrophila	Cladonia	Lecanoromycetes	Lichen-forming	N/A	9/21/24	CAXVAT01
cladonia.peziziformis.1	GCA_964256715.1	Cladonia_peziziformis	Cladonia	Lecanoromycetes	Lichen-forming	N/A	9/21/24	CAXVCP01
cladonia.polycarpoides.1	GCA_964256725.1	Cladonia_polycarpoides	Cladonia	Lecanoromycetes	Lichen-forming	N/A	9/21/24	CAXVDT01
cladonia.portentosa.1	GCA_965153415.1	Cladonia_portentosa	Cladonia	Lecanoromycetes	Lichen-forming	N/A	2/26/25	
cladonia.pyxidata.1	GCA_964254885.1	Cladonia_pyxidata	Cladonia	Lecanoromycetes	Lichen-forming	N/A	9/21/24	CAXUXL01
cladonia.rangiferina.1	GCA_023065455.1	Cladonia_rangiferina	Cladonia	Lecanoromycetes	Lichen-forming	N/A	4/20/22	JAJREH01
cladonia.rangiferina.2	GCA_006146055.1	Cladonia_rangiferina	Cladonia	Lecanoromycetes	Lichen-forming	N/A	6/7/19	VALI01
cladonia.rangiferina.3	GCA_964254875.1	Cladonia_rangiferina	Cladonia	Lecanoromycetes	Lichen-forming	N/A	9/21/24	CAXUUJ01
cladonia.robbinsii.1	GCA_964255325.1	Cladonia_robbinsii	Cladonia	Lecanoromycetes	Lichen-forming	N/A	9/21/24	CAXUXT01
cladonia.sp..1	GCA_937857425.1	Cladonia_sp.	Cladonia	Lecanoromycetes	Lichen-forming	N/A	1/12/23	CALHCZ01
cladonia.sp..10	GCA_937857195.1	Cladonia_sp.	Cladonia	Lecanoromycetes	Lichen-forming	N/A	1/12/23	CALHCT01
cladonia.sp..11	GCA_937857275.1	Cladonia_sp.	Cladonia	Lecanoromycetes	Lichen-forming	N/A	1/12/23	CALAOP01
cladonia.sp..2	GCA_937857405.1	Cladonia_sp.	Cladonia	Lecanoromycetes	Lichen-forming	N/A	1/12/23	CALAON01
cladonia.sp..3	GCA_937857105.1	Cladonia_sp.	Cladonia	Lecanoromycetes	Lichen-forming	N/A	1/12/23	CAKZWY01
cladonia.sp..4	GCA_937857955.1	Cladonia_sp.	Cladonia	Lecanoromycetes	Lichen-forming	N/A	1/12/23	CALEEM01
cladonia.sp..5	GCA_937857855.1	Cladonia_sp.	Cladonia	Lecanoromycetes	Lichen-forming	N/A	1/12/23	CALEEO01
cladonia.sp..6	GCA_963971245.1	Cladonia_sp.	Cladonia	Lecanoromycetes	Lichen-forming	N/A	3/2/24	
cladonia.sp..7	GCA_963971275.1	Cladonia_sp.	Cladonia	Lecanoromycetes	Lichen-forming	N/A	3/4/24	CAXARJ01
cladonia.sp..8	GCA_937857205.1	Cladonia_sp.	Cladonia	Lecanoromycetes	Lichen-forming	N/A	1/12/23	CALAOO01
cladonia.sp..9	GCA_937857785.1	Cladonia_sp.	Cladonia	Lecanoromycetes	Lichen-forming	N/A	1/12/23	CALHCX01
cladonia.squamosa.1	GCA_947623385.2	Cladonia_squamosa	Cladonia	Lecanoromycetes	Lichen-forming	N/A	5/13/23	CANQGY02
cladonia.squamosa.2	GCA_947623575.2	Cladonia_squamosa	Cladonia	Lecanoromycetes	Lichen-forming	N/A	5/13/23	CANQGX02
cladonia.squamosa.3	GCA_964256895.1	Cladonia_squamosa	Cladonia	Lecanoromycetes	Lichen-forming	N/A	9/21/24	CAXVCN01
cladonia.squamosa.4	GCA_964255015.1	Cladonia_squamosa	Cladonia	Lecanoromycetes	Lichen-forming	N/A	9/21/24	CAXUUU01
cladonia.stellaris.1	GCA_040955005.1	Cladonia_stellaris	Cladonia	Lecanoromycetes	Lichen-forming	N/A	7/30/24	JBECUK01
cladonia.stellaris.2	GCA_040955015.1	Cladonia_stellaris	Cladonia	Lecanoromycetes	Lichen-forming	N/A	7/30/24	JBECUJ01
cladonia.strepsilis.1	GCA_964254655.1	Cladonia_strepsilis	Cladonia	Lecanoromycetes	Lichen-forming	N/A	9/21/24	CAXUWX01
cladonia.subtenuis.1	GCA_964256865.1	Cladonia_subtenuis	Cladonia	Lecanoromycetes	Lichen-forming	N/A	9/21/24	CAXVCJ01
cladonia.uncialis.1	GCA_977014525.1	Cladonia_uncialis	Cladonia	Lecanoromycetes	Lichen-forming	N/A	11/8/25	CDRNKR01
cladonia.uncialis.2	GCA_977014875.1	Cladonia_uncialis	Cladonia	Lecanoromycetes	Lichen-forming	N/A	9/21/24	CAXUTX01
cladonia.uncialis.3	GCA_002927785.1	Cladonia_uncialis	Cladonia	Lecanoromycetes	Lichen-forming	N/A	2/14/18	NAPT01
cladonia.uncialis.4	GCA_964254785.1	Cladonia_uncialis	Cladonia	Lecanoromycetes	Lichen-forming	N/A	9/21/24	CAXUUO01
coccocarpia.palmicola.1	GCA_964256785.1	Coccocarpia_palmicola	Coccocarpia	Lecanoromycetes	Lichen-forming	N/A	9/21/24	CAXVCG01
collema.furfuraceum.1	GCA_964256385.1	Collema_furfuraceum	Collema	Lecanoromycetes	Lichen-forming	N/A	9/21/24	CAXVBI01
cornicularia.normoerica.1	GCA_964254975.1	Cornicularia_normoerica	Cornicularia	Lecanoromycetes	Lichen-forming	N/A	9/21/24	CAXUXC01
cornicularia.normoerica.2	GCA_051942105.1	Cornicularia_normoerica	Cornicularia	Lecanoromycetes	Lichen-forming	N/A	8/12/25	JAVECU01
crespoa.crozalsiana.1	GCA_964256695.1	Crespoa_crozalsiana	Crespoa	Lecanoromycetes	Lichen-forming	N/A	9/21/24	CAXVCF01
cyanodermella.asteris.1	GCA_900618795.1	Cyanodermella_asteris	Cyanodermella	Lecanoromycetes	Endophyte	N/A	12/5/18	UYJD01
dendriscocaulon.intricatulum.1	GCA_964255535.1	Dendriscocaulon_intricatulum	Dendriscocaulon	Lecanoromycetes	Lichen-forming	N/A	9/21/24	CAXUXZ01
dermiscellum.oulocheilum.1	GCA_964257525.1	Dermiscellum_oulocheilum	Dermiscellum	Lecanoromycetes	Lichen-forming	N/A	9/21/24	CAXVFH01
dibaeis.baeomyces.1	GCA_964254685.1	Dibaeis_baeomyces	Dibaeis	Lecanoromycetes	Lichen-forming	N/A	9/21/24	CAXUTT01
dibaeis.sorediata.1	GCA_964255195.1	Dibaeis_sorediata	Dibaeis	Lecanoromycetes	Lichen-forming	N/A	9/21/24	CAXUVO01
dimelaena.oreina.1	GCA_964257695.1	Dimelaena_oreina	Dimelaena	Lecanoromycetes	Lichen-forming	N/A	9/21/24	CAXVFS01
diploschistes.diacapsis.1	GCA_023645945.1	Diploschistes_diacapsis	Diploschistes	Lecanoromycetes	Lichen-forming	N/A	6/2/22	JALAIB01
dirinaria.frostii.1	GCA_964257345.1	Dirinaria_frostii	Dirinaria	Lecanoromycetes	Lichen-forming	N/A	9/21/24	CAXVFC01
dirinaria.sp..1	GCA_051941275.1	Dirinaria_sp.	Dirinaria	Lecanoromycetes	Lichen-forming	N/A	8/12/25	JAVEBF01
dirinaria.sp..2	GCA_013315955.1	Dirinaria_sp.	Dirinaria	Lecanoromycetes	Lichen-forming	N/A	6/10/20	SZQE01
evernia.divaricata.1	GCA_964255455.1	Evernia_divaricata	Evernia	Lecanoromycetes	Lichen-forming	N/A	9/21/24	CAXUUW01
evernia.prunastri.1	GCA_003184365.1	Evernia_prunastri	Evernia	Lecanoromycetes	Lichen-forming	N/A	6/4/18	NKYR01
evernia.prunastri.2	GCA_964255555.1	Evernia_prunastri	Evernia	Lecanoromycetes	Lichen-forming	N/A	9/21/24	CAXUXW01
everniopsis.trulla.1	GCA_964257165.1	Everniopsis_trulla	Everniopsis	Lecanoromycetes	Lichen-forming	N/A	9/21/24	CAXVDL01
fissurina.insidiosa.1	GCA_964256455.1	Fissurina_insidiosa	Fissurina	Lecanoromycetes	Lichen-forming	N/A	9/21/24	CAXVBW01
flavocetraria.cucullata.1	GCA_964257225.1	Flavocetraria_cucullata	Flavocetraria	Lecanoromycetes	Lichen-forming	N/A	9/21/24	CAXVDQ01
flavoparmelia.baltimorensis.1	GCA_964254775.1	Flavoparmelia_baltimorensis	Flavoparmelia	Lecanoromycetes	Lichen-forming	N/A	9/21/24	CAXUWQ01
flavoplaca.austrocitrina.1	GCA_051942045.1	Flavoplaca_austrocitrina	Flavoplaca	Lecanoromycetes	Lichen-forming	N/A	8/12/25	JAVEBJ01
flavoplaca.citrina.1	GCA_051941225.1	Flavoplaca_citrina	Flavoplaca	Lecanoromycetes	Lichen-forming	N/A	8/12/25	JAVEBH01
flavoplaca.flavocitrina.1	GCA_051942005.1	Flavoplaca_flavocitrina	Flavoplaca	Lecanoromycetes	Lichen-forming	N/A	8/12/25	JAVEBO01
flavoplaca.limonia.1	GCA_051942465.1	Flavoplaca_limonia	Flavoplaca	Lecanoromycetes	Lichen-forming	N/A	8/12/25	JAVEBZ01
flavoplaca.marina.1	GCA_965225635.1	Flavoplaca_marina	Flavoplaca	Lecanoromycetes	Lichen-forming	N/A	3/28/25	CBDDCU01
flavoplaca.marina.2	GCA_965226325.1	Flavoplaca_marina	Flavoplaca	Lecanoromycetes	Lichen-forming	N/A	3/28/25	CBDDFF01
flavoplaca.navasiana.1	GCA_051941985.1	Flavoplaca_navasiana	Flavoplaca	Lecanoromycetes	Lichen-forming	N/A	8/12/25	JAVEBN01
flavoplaca.navasiana.2	GCA_051942405.1	Flavoplaca_navasiana	Flavoplaca	Lecanoromycetes	Lichen-forming	N/A	8/12/25	JAVECD01
flavoplaca.oasis.1	GCA_023646635.1	Flavoplaca_oasis	Flavoplaca	Lecanoromycetes	Lichen-forming	N/A	6/2/22	JALAIS01
flavoplaca.sp..1	GCA_052059015.1	Flavoplaca_sp.	Flavoplaca	Lecanoromycetes	Lichen-forming	N/A	8/15/25	JAVEBI01
flavopunctelia.flaventior.1	GCA_964257575.1	Flavopunctelia_flaventior	Flavopunctelia	Lecanoromycetes	Lichen-forming	N/A	9/21/24	CAXVGB01
fulgogasparrea.decipioides.1	GCA_051941625.1	Fulgogasparrea_decipioides	Fulgogasparrea	Lecanoromycetes	Lichen-forming	N/A	8/12/25	JAVEAO01
fuscopannaria.leucosticta.1	GCA_964256325.1	Fuscopannaria_leucosticta	Fuscopannaria	Lecanoromycetes	Lichen-forming	N/A	9/21/24	CAXVAS01
gallowayella.concinna.1	GCA_051941645.1	Gallowayella_concinna	Gallowayella	Lecanoromycetes	Lichen-forming	N/A	8/12/25	JAVEAL01
gallowayella.fulva.1	GCA_023646365.1	Gallowayella_fulva	Gallowayella	Lecanoromycetes	Lichen-forming	N/A	6/2/22	JALAIN01
gallowayella.weberi.1	GCA_051941305.1	Gallowayella_weberi	Gallowayella	Lecanoromycetes	Lichen-forming	N/A	8/12/25	JAVEBD01
gallowayella.weberi.2	GCA_051941295.1	Gallowayella_weberi	Gallowayella	Lecanoromycetes	Lichen-forming	N/A	8/12/25	JAVEBE01
gomphillus.americanus.1	GCA_905337335.1	Gomphillus_americanus	Gomphillus	Lecanoromycetes	Lichen-forming	N/A	4/26/18	PEKF01
gomphillus.americanus.2	GCA_964255845.1	Gomphillus_americanus	Gomphillus	Lecanoromycetes	Lichen-forming	N/A	9/21/24	CAXUZW01
gomphillus.calycioides.1	GCA_964255765.1	Gomphillus_calycioides	Gomphillus	Lecanoromycetes	Lichen-forming	N/A	9/21/24	CAXUYI01
gyalecta.farlowii.1	GCA_964256515.1	Gyalecta_farlowii	Gyalecta	Lecanoromycetes	Lichen-forming	N/A	9/21/24	CAXVAY01
gyalolechia.ehrenbergii.1	GCA_023646125.1	Gyalolechia_ehrenbergii	Gyalolechia	Lecanoromycetes	Lichen-forming	N/A	6/2/22	JALAIJ01
gyalolechia.fulgens.1	GCA_051942345.1	Gyalolechia_fulgens	Gyalolechia	Lecanoromycetes	Lichen-forming	N/A	8/12/25	JAVECG01
gyalolechia.gomerana.1	GCA_051942385.1	Gyalolechia_gomerana	Gyalolechia	Lecanoromycetes	Lichen-forming	N/A	8/12/25	JAVECC01
gyalolechia.marmorata.1	GCA_051941165.1	Gyalolechia_marmorata	Gyalolechia	Lecanoromycetes	Lichen-forming	N/A	8/12/25	JAVEBL01
gyalolechia.sp..1	GCA_051941825.1	Gyalolechia_sp.	Gyalolechia	Lecanoromycetes	Lichen-forming	N/A	8/12/25	JAVEBU01
gyalolechia.sp..2	GCA_051941865.1	Gyalolechia_sp.	Gyalolechia	Lecanoromycetes	Lichen-forming	N/A	8/12/25	JAVEBT01
gypsoplaca.macrophylla.1	GCA_964255185.1	Gypsoplaca_macrophylla	Gypsoplaca	Lecanoromycetes	Lichen-forming	N/A	9/21/24	CAXUTV01
haloplaca.sp..1	GCA_051942025.1	Haloplaca_sp.	Haloplaca	Lecanoromycetes	Lichen-forming	N/A	8/12/25	JAVEBM01
haloplaca.sp..2	GCA_051941845.1	Haloplaca_sp.	Haloplaca	Lecanoromycetes	Lichen-forming	N/A	8/12/25	JAVEBV01
heterodermia.albicans.1	GCA_964256065.1	Heterodermia_albicans	Heterodermia	Lecanoromycetes	Lichen-forming	N/A	9/21/24	CAXUZU01
heterodermia.echinata.1	GCA_964255435.1	Heterodermia_echinata	Heterodermia	Lecanoromycetes	Lichen-forming	N/A	9/21/24	CAXUWH01
heterodermia.hypoleuca.1	GCA_964254765.1	Heterodermia_hypoleuca	Heterodermia	Lecanoromycetes	Lichen-forming	N/A	9/21/24	CAXUVN01
heterodermia.langdoniana.1	GCA_964254605.1	Heterodermia_langdoniana	Heterodermia	Lecanoromycetes	Lichen-forming	N/A	9/21/24	CAXUVR01
heterodermia.neglecta.1	GCA_964257475.1	Heterodermia_neglecta	Heterodermia	Lecanoromycetes	Lichen-forming	N/A	9/21/24	CAXVFO01
heterodermia.obscurata.1	GCA_051941365.1	Heterodermia_obscurata	Heterodermia	Lecanoromycetes	Lichen-forming	N/A	8/12/25	JAVEBB01
heterodermia.sp..1	GCA_937857265.1	Heterodermia_sp.	Heterodermia	Lecanoromycetes	Lichen-forming	N/A	1/12/23	CALHCU01
heterodermia.sp..2	GCA_937857845.1	Heterodermia_sp.	Heterodermia	Lecanoromycetes	Lichen-forming	N/A	1/12/23	CALEEL01
heterodermia.sp..3	GCA_937858105.1	Heterodermia_sp.	Heterodermia	Lecanoromycetes	Lichen-forming	N/A	1/12/23	CALHCR01
heterodermia.speciosa.1	GCA_964255885.1	Heterodermia_speciosa	Heterodermia	Lecanoromycetes	Lichen-forming	N/A	9/21/24	CAXUZH01
heterodermia.speciosa.2	GCA_905337345.1	Heterodermia_speciosa	Heterodermia	Lecanoromycetes	Lichen-forming	N/A	3/26/21	CAJPDS01
heterodermia.speciosa.3	GCA_937857615.1	Heterodermia_speciosa	Heterodermia	Lecanoromycetes	Lichen-forming	N/A	1/12/23	CAKZXC01
hypocenomyce.scalaris.1	GCA_964256115.1	Hypocenomyce_scalaris	Hypocenomyce	Lecanoromycetes	Lichen-forming	N/A	9/21/24	CAXVAN01
hypocenomyce.scalaris.2	GCA_022814315.1	Hypocenomyce_scalaris	Hypocenomyce	Lecanoromycetes	Lichen-forming	N/A	4/4/22	JALDZC01
hypocenomyce.scalaris.3	GCA_964255775.1	Hypocenomyce_scalaris	Hypocenomyce	Lecanoromycetes	Lichen-forming	N/A	9/21/24	CAXUYR01
hypogymnia.physodes.1	GCA_964254535.1	Hypogymnia_physodes	Hypogymnia	Lecanoromycetes	Lichen-forming	N/A	9/21/24	CAXUUK01
hypogymnia.vittata.1	GCA_964257435.1	Hypogymnia_vittata	Hypogymnia	Lecanoromycetes	Lichen-forming	N/A	9/21/24	CAXVFF01
hypotrachyna.appalachensis.1	GCA_964256775.1	Hypotrachyna_appalachensis	Hypotrachyna	Lecanoromycetes	Lichen-forming	N/A	9/21/24	CAXVCY01
hypotrachyna.catawbiensis.1	GCA_964257295.1	Hypotrachyna_catawbiensis	Hypotrachyna	Lecanoromycetes	Lichen-forming	N/A	9/21/24	CAXVFA01
hypotrachyna.lividescens.1	GCA_964255505.1	Hypotrachyna_lividescens	Hypotrachyna	Lecanoromycetes	Lichen-forming	N/A	9/21/24	CAXUXH01
hypotrachyna.osseoalba.1	GCA_964256905.1	Hypotrachyna_osseoalba	Hypotrachyna	Lecanoromycetes	Lichen-forming	N/A	9/21/24	CAXVDA01
icmadophila.ericetorum.1	GCA_022814295.1	Icmadophila_ericetorum	Icmadophila	Lecanoromycetes	Lichen-forming	N/A	4/4/22	JALDZD01
icmadophila.ericetorum.2	GCA_937857975.1	Icmadophila_ericetorum	Icmadophila	Lecanoromycetes	Lichen-forming	N/A	1/12/23	CALFGM01
ikaeria.aurantiellina.1	GCA_051941805.1	Ikaeria_aurantiellina	Ikaeria	Lecanoromycetes	Lichen-forming	N/A	8/12/25	JAVEBW01
imshaugia.aleurites.1	GCA_905337355.1	Imshaugia_aleurites	Imshaugia	Lecanoromycetes	Lichen-forming	N/A	3/25/21	CAJPDT01
imshaugia.aleurites.2	GCA_964255935.1	Imshaugia_aleurites	Imshaugia	Lecanoromycetes	Lichen-forming	N/A	9/21/24	CAXUZY01
imshaugia.aleurites.3	GCA_937858075.1	Imshaugia_aleurites	Imshaugia	Lecanoromycetes	Lichen-forming	N/A	1/12/23	CALCMY01
ionaspis.alba.1	GCA_964255285.1	Ionaspis_alba	Ionaspis	Lecanoromycetes	Lichen-forming	N/A	9/21/24	CAXUUL01
ionaspis.lacustris.1	GCA_964257415.1	Ionaspis_lacustris	Ionaspis	Lecanoromycetes	Lichen-forming	N/A	9/21/24	CAXVEU01
kaernefeltia.merrillii.1	GCA_964257335.1	Kaernefeltia_merrillii	Kaernefeltia	Lecanoromycetes	Lichen-forming	N/A	9/21/24	CAXVEG01
kuettlingeria.erythrocarpa.1	GCA_051941955.1	Kuettlingeria_erythrocarpa	Kuettlingeria	Lecanoromycetes	Lichen-forming	N/A	8/12/25	JAVEBP01
lambiella.insularis.1	GCA_022814265.1	Lambiella_insularis	Lambiella	Lecanoromycetes	Lichen-forming	N/A	3/16/20	SAUG01
lasallia.papulosa.1	GCA_964254525.1	Lasallia_papulosa	Lasallia	Lecanoromycetes	Lichen-forming	N/A	9/21/24	CAXUVG01
lasallia.pustulata.1	GCA_008636195.1	Lasallia_pustulata	Lasallia	Lecanoromycetes	Lichen-forming	N/A	9/23/19	VXIT01
lasallia.pustulata.2	GCA_023184575.1	Lasallia_pustulata	Lasallia	Lecanoromycetes	Lichen-forming	N/A	4/29/22	JALILU01
lasallia.pustulata.3	GCA_053477765.1	Lasallia_pustulata	Lasallia	Lecanoromycetes	Lichen-forming	N/A	11/14/25	JBNORX01
lasallia.pustulata.4	GCA_053477785.1	Lasallia_pustulata	Lasallia	Lecanoromycetes	Lichen-forming	N/A	11/14/25	JBNORW01
lasallia.pustulata.5	GCA_900169345.1	Lasallia_pustulata	Lasallia	Lecanoromycetes	Lichen-forming	N/A	4/14/17	FWEW01
lasallia.pustulata.6	GCA_964255565.1	Lasallia_pustulata	Lasallia	Lecanoromycetes	Lichen-forming	N/A	9/21/24	CAXUXG01
lasallia.pustulata.7	GCA_000938525.1	Lasallia_pustulata	Lasallia	Lecanoromycetes	Lichen-forming	N/A	3/3/15	JYIL01
lecanora.albella.1	GCA_964254485.1	Lecanora_albella	Lecanora	Lecanoromycetes	Lichen-forming	N/A	9/21/24	CAXUUR01
lecanora.atra.1	GCA_964256165.1	Lecanora_atra	Lecanora	Lecanoromycetes	Lichen-forming	N/A	9/21/24	CAXVAF01
lecanora.helva.1	GCA_050886345.1	Lecanora_helva	Lecanora	Lecanoromycetes	Lichen-forming	N/A	6/11/25	JBKOTY01
lecanora.hybocarpa.1	GCA_964256265.1	Lecanora_hybocarpa	Lecanora	Lecanoromycetes	Lichen-forming	N/A	9/21/24	CAXVAR01
lecanora.markjohnstonii.1	GCA_964254635.1	Lecanora_markjohnstonii	Lecanora	Lecanoromycetes	Lichen-forming	N/A	9/21/24	CAXUXP01
lecanora.masana.1	GCA_964256795.1	Lecanora_masana	Lecanora	Lecanoromycetes	Lichen-forming	N/A	9/21/24	CAXVCB01
lecanora.oreinoides.1	GCA_964255375.1	Lecanora_oreinoides	Lecanora	Lecanoromycetes	Lichen-forming	N/A	9/21/24	CAXUVL01
lecanora.rugosella.1	GCA_964255525.1	Lecanora_rugosella	Lecanora	Lecanoromycetes	Lichen-forming	N/A	9/21/24	CAXUXQ01
lecanora.strobilina.1	GCA_964254475.1	Lecanora_strobilina	Lecanora	Lecanoromycetes	Lichen-forming	N/A	9/21/24	CAXUUN01
lecanora.subimmergens.1	GCA_964256505.1	Lecanora_subimmergens	Lecanora	Lecanoromycetes	Lichen-forming	N/A	9/21/24	CAXVBA01
lecanorales.sp..1	GCA_964254455.1	Lecanorales_sp.	Lecanorales_sp.	Lecanoromycetes	Lichen-forming	N/A	9/21/24	CAXUVZ01
lecanorales.sp..2	GCA_964254845.1	Lecanorales_sp.	Lecanorales_sp.	Lecanoromycetes	Lichen-forming	N/A	9/21/24	CAXUVI01
lecanorales.sp..3	GCA_964255655.1	Lecanorales_sp.	Lecanorales_sp.	Lecanoromycetes	Lichen-forming	N/A	9/21/24	CAXUYJ01
lecanorales.sp..4	GCA_964256805.1	Lecanorales_sp.	Lecanorales_sp.	Lecanoromycetes	Lichen-forming	N/A	9/21/24	CAXVCM01
lecanorales.sp..5	GCA_964255755.1	Lecanorales_sp.	Lecanorales_sp.	Lecanoromycetes	Lichen-forming	N/A	9/21/24	CAXUYL01
lecanorales.sp..6	GCA_964257705.1	Lecanorales_sp.	Lecanorales_sp.	Lecanoromycetes	Lichen-forming	N/A	9/21/24	CAXVFZ01
lecanoromycetes.sp..1	GCA_937858085.1	Lecanoromycetes_sp.	Lecanoromycetes_sp.	Lecanoromycetes	Lichen-forming	N/A	1/12/23	CALHCS01
lecanoromycetes.sp..2	GCA_964254985.1	Lecanoromycetes_sp.	Lecanoromycetes_sp.	Lecanoromycetes	Lichen-forming	N/A	9/21/24	CAXUWR01
lecanoromycetes.sp..3	GCA_937857585.1	Lecanoromycetes_sp.	Lecanoromycetes_sp.	Lecanoromycetes	Lichen-forming	N/A	1/12/23	CALBWY01
lecanoromycetes.sp..4	GCA_964256955.1	Lecanoromycetes_sp.	Lecanoromycetes_sp.	Lecanoromycetes	Lichen-forming	N/A	9/21/24	CAXVCS01
lecanoromycetes.sp..5	GCA_937857895.1	Lecanoromycetes_sp.	Lecanoromycetes_sp.	Lecanoromycetes	Lichen-forming	N/A	1/12/23	CALEEP01
lecanoromycetidae.sp..1	GCA_035521555.1	Lecanoromycetidae_sp.	Lecanoromycetidae_sp.	Lecanoromycetes	Lichen-forming	N/A	1/10/24	JASZXT01
lecidea.sp..1	GCA_964254725.1	Lecidea_sp.	Lecidea	Lecanoromycetes	Lichen-forming	N/A	9/21/24	CAXUVV01
lecidea.tessellata.1	GCA_964256205.1	Lecidea_tessellata	Lecidea	Lecanoromycetes	Lichen-forming	N/A	9/21/24	CAXVAI01
lecidella.sp..1	GCA_964255055.1	Lecidella_sp.	Lecidella	Lecanoromycetes	Lichen-forming	N/A	9/21/24	CAXUUV01
lepra.amara.1	GCA_964255245.1	Lepra_amara	Lepra	Lecanoromycetes	Lichen-forming	N/A	9/21/24	CAXUXJ01
lepraria.finkii.1	GCA_042464665.1	Lepraria_finkii	Lepraria	Lecanoromycetes	Lichen-forming	N/A	9/30/24	JBHFEH01
lepraria.leprolomopsis.1	GCA_964254625.1	Lepraria_leprolomopsis	Lepraria	Lecanoromycetes	Lichen-forming	N/A	9/21/24	CAXUWK01
lepraria.neglecta.1	GCA_033220425.1	Lepraria_neglecta	Lepraria	Lecanoromycetes	Lichen-forming	N/A	11/3/23	JASNWA01
lepraria.oxybapha.1	GCA_964257485.1	Lepraria_oxybapha	Lepraria	Lecanoromycetes	Lichen-forming	N/A	9/21/24	CAXVFY01
lepraria.sp..1	GCA_937857285.1	Lepraria_sp.	Lepraria	Lecanoromycetes	Lichen-forming	N/A	1/12/23	CALCMZ01
leprocaulales.sp..1	GCA_964255695.1	Leprocaulales_sp.	Leprocaulales_sp.	Lecanoromycetes	Lichen-forming	N/A	9/21/24	CAXUYV01
leprocaulon.nicholsiae.1	GCA_964256825.1	Leprocaulon_nicholsiae	Leprocaulon	Lecanoromycetes	Lichen-forming	N/A	9/21/24	CAXVDB01
leptogium.austroamericanum.1	GCA_964255575.1	Leptogium_austroamericanum	Leptogium	Lecanoromycetes	Lichen-forming	N/A	9/21/24	CAXUYE01
leptogium.austroamericanum.2	GCA_964255685.1	Leptogium_austroamericanum	Leptogium	Lecanoromycetes	Lichen-forming	N/A	9/21/24	CAXUZK01
leptogium.chloromelum.1	GCA_964254935.1	Leptogium_chloromelum	Leptogium	Lecanoromycetes	Lichen-forming	N/A	9/21/24	CAXUXI01
leptogium.corticola.1	GCA_964256315.1	Leptogium_corticola	Leptogium	Lecanoromycetes	Lichen-forming	N/A	9/21/24	CAXVBD01
letharia.columbiana.1	GCA_014066305.1	Letharia_columbiana	Letharia	Lecanoromycetes	Lichen-forming	N/A	8/5/20	JACCJC01
letharia.lupina.1	GCA_014066315.1	Letharia_lupina	Letharia	Lecanoromycetes	Lichen-forming	N/A	8/6/20	JACCJB01
letharia.vulpina.1	GCA_964257005.1	Letharia_vulpina	Letharia	Lecanoromycetes	Lichen-forming	N/A	9/21/24	CAXVCQ01
letrouitia.sp..1	GCA_051942305.1	Letrouitia_sp.	Letrouitia	Lecanoromycetes	Lichen-forming	N/A	8/12/25	JAVECH01
letrouitia.subvulpina.1	GCA_052059055.1	Letrouitia_subvulpina	Letrouitia	Lecanoromycetes	Lichen-forming	N/A	8/15/25	JAVECI01
letrouitia.transgressa.1	GCA_023646045.1	Letrouitia_transgressa	Letrouitia	Lecanoromycetes	Lichen-forming	N/A	6/2/22	JALAIO01
letrouitia.transgressa.2	GCA_023645855.1	Letrouitia_transgressa	Letrouitia	Lecanoromycetes	Lichen-forming	N/A	6/2/22	JALAIG01
leucodecton.sp..1	GCA_964257275.1	Leucodecton_sp.	Leucodecton	Lecanoromycetes	Lichen-forming	N/A	9/21/24	CAXVEL01
leucodermia.appalachiensis.1	GCA_964255645.1	Leucodermia_appalachiensis	Leucodermia	Lecanoromycetes	Lichen-forming	N/A	9/21/24	CAXUYC01
leucodermia.leucomelos.1	GCA_964257595.1	Leucodermia_leucomelos	Leucodermia	Lecanoromycetes	Lichen-forming	N/A	9/21/24	CAXVGA01
lignoscripta.atroalba.1	GCA_022814235.1	Lignoscripta_atroalba	Lignoscripta	Lecanoromycetes	Lichen-forming	N/A	4/4/22	JALDZG01
lignoscripta.atroalba.2	GCA_964256495.1	Lignoscripta_atroalba	Lignoscripta	Lecanoromycetes	Lichen-forming	N/A	9/21/24	CAXVAJ01
lobaria.immixta.1	GCA_022814215.1	Lobaria_immixta	Lobaria	Lecanoromycetes	Lichen-forming	N/A	4/4/22	JALDZH01
lobaria.pulmonaria.1	GCA_964257085.1	Lobaria_pulmonaria	Lobaria	Lecanoromycetes	Lichen-forming	N/A	9/21/24	CAXVDS01
loekoesia.sp..1	GCA_051941565.1	Loekoesia_sp.	Loekoesia	Lecanoromycetes	Lichen-forming	N/A	8/12/25	JAVEAQ01
loxospora.cismonica.1	GCA_964256565.1	Loxospora_cismonica	Loxospora	Lecanoromycetes	Lichen-forming	N/A	9/21/24	CAXVAP01
loxospora.ochrophaea.1	GCA_022814175.1	Loxospora_ochrophaea	Loxospora	Lecanoromycetes	Lichen-forming	N/A	4/4/22	JALDZI01
massalongia.carnosa.1	GCA_965645245.1	Massalongia_carnosa	Massalongia	Lecanoromycetes	Lichen-forming	N/A	7/28/25	CBFFUZ01
melanelia.culbersonii.1	GCA_964255045.1	Melanelia_culbersonii	Melanelia	Lecanoromycetes	Lichen-forming	N/A	9/21/24	CAXUVT01
melanohalea.halei.1	GCA_964256215.1	Melanohalea_halei	Melanohalea	Lecanoromycetes	Lichen-forming	N/A	9/21/24	CAXVAM01
micareopsis.irriguata.1	GCA_964256875.1	Micareopsis_irriguata	Micareopsis	Lecanoromycetes	Lichen-forming	N/A	9/21/24	CAXVCO01
mobergia.calculiformis.1	GCA_964255985.1	Mobergia_calculiformis	Mobergia	Lecanoromycetes	Lichen-forming	N/A	9/21/24	CAXUZB01
mycoblastus.sanguinarius.1	GCA_022814195.1	Mycoblastus_sanguinarius	Mycoblastus	Lecanoromycetes	Lichen-forming	N/A	4/4/22	JALDZJ01
mycoblastus.sanguinarius.2	GCA_964256545.1	Mycoblastus_sanguinarius	Mycoblastus	Lecanoromycetes	Lichen-forming	N/A	9/21/24	CAXVBO01
nadvornikia.sorediata.1	GCA_964256945.1	Nadvornikia_sorediata	Nadvornikia	Lecanoromycetes	Lichen-forming	N/A	9/21/24	CAXVDI01
nephroma.helveticum.1	GCA_964254995.1	Nephroma_helveticum	Nephroma	Lecanoromycetes	Lichen-forming	N/A	9/21/24	CAXUWS01
niebla.homalea.1	GCA_019925105.1	Niebla_homalea	Niebla	Lecanoromycetes	Lichen-forming	N/A	9/10/21	JAHGAU01
obscuroplaca.camptidia.1	GCA_964255815.1	Obscuroplaca_camptidia	Obscuroplaca	Lecanoromycetes	Lichen-forming	N/A	9/21/24	CAXUYU01
ochrolechia.arborea.1	GCA_964255665.1	Ochrolechia_arborea	Ochrolechia	Lecanoromycetes	Lichen-forming	N/A	9/21/24	CAXUYB01
ochrolechia.trochophora.1	GCA_964257425.1	Ochrolechia_trochophora	Ochrolechia	Lecanoromycetes	Lichen-forming	N/A	9/21/24	CAXVEZ01
opeltia.flavorubescens.1	GCA_000442125.1	Opeltia_flavorubescens	Opeltia	Lecanoromycetes	Lichen-forming	N/A	7/30/13	AUPK01
oxnerella.safavidiorum.1	GCA_964257185.1	Oxnerella_safavidiorum	Oxnerella	Lecanoromycetes	Lichen-forming	N/A	9/21/24	CAXVEV01
pannaria.tavaresii.1	GCA_964257215.1	Pannaria_tavaresii	Pannaria	Lecanoromycetes	Lichen-forming	N/A	9/21/24	CAXVFB01
parmelia.sp..1	GCA_018257885.1	Parmelia_sp.	Parmelia	Lecanoromycetes	Lichen-forming	N/A	5/4/21	JAEUBB01
parmelia.squarrosa.1	GCA_964255235.1	Parmelia_squarrosa	Parmelia	Lecanoromycetes	Lichen-forming	N/A	9/21/24	CAXUWY01
parmeliaceae.sp..1	GCA_937857515.1	Parmeliaceae_sp.	Parmeliaceae_sp.	Lecanoromycetes	Lichen-forming	N/A	1/12/23	CALHCY01
parmeliaceae.sp..10	GCA_937857575.1	Parmeliaceae_sp.	Parmeliaceae_sp.	Lecanoromycetes	Lichen-forming	N/A	1/12/23	CALCMX01
parmeliaceae.sp..11	GCA_937857215.1	Parmeliaceae_sp.	Parmeliaceae_sp.	Lecanoromycetes	Lichen-forming	N/A	1/12/23	CALHCV01
parmeliaceae.sp..12	GCA_937857935.1	Parmeliaceae_sp.	Parmeliaceae_sp.	Lecanoromycetes	Lichen-forming	N/A	1/12/23	CALEES01
parmeliaceae.sp..13	GCA_937854535.1	Parmeliaceae_sp.	Parmeliaceae_sp.	Lecanoromycetes	Lichen-forming	N/A	1/12/23	CALHDA01
parmeliaceae.sp..14	GCA_937857565.1	Parmeliaceae_sp.	Parmeliaceae_sp.	Lecanoromycetes	Lichen-forming	N/A	1/12/23	CALBEM01
parmeliaceae.sp..15	GCA_937832375.1	Parmeliaceae_sp.	Parmeliaceae_sp.	Lecanoromycetes	Lichen-forming	N/A	1/12/23	CALFGJ01
parmeliaceae.sp..16	GCA_937836395.1	Parmeliaceae_sp.	Parmeliaceae_sp.	Lecanoromycetes	Lichen-forming	N/A	1/12/23	CALEEH01
parmeliaceae.sp..17	GCA_964255415.1	Parmeliaceae_sp.	Parmeliaceae_sp.	Lecanoromycetes	Lichen-forming	N/A	9/21/24	CAXUUI01
parmeliaceae.sp..18	GCA_964254515.1	Parmeliaceae_sp.	Parmeliaceae_sp.	Lecanoromycetes	Lichen-forming	N/A	9/21/24	CAXUTS01
parmeliaceae.sp..19	GCA_937840615.1	Parmeliaceae_sp.	Parmeliaceae_sp.	Lecanoromycetes	Lichen-forming	N/A	1/12/23	CALGBA01
parmeliaceae.sp..2	GCA_937836435.1	Parmeliaceae_sp.	Parmeliaceae_sp.	Lecanoromycetes	Lichen-forming	N/A	1/12/23	CALEEF01
parmeliaceae.sp..20	GCA_937822845.1	Parmeliaceae_sp.	Parmeliaceae_sp.	Lecanoromycetes	Lichen-forming	N/A	1/12/23	CALEED01
parmeliaceae.sp..21	GCA_937857985.1	Parmeliaceae_sp.	Parmeliaceae_sp.	Lecanoromycetes	Lichen-forming	N/A	1/12/23	CALFGL01
parmeliaceae.sp..22	GCA_937822555.1	Parmeliaceae_sp.	Parmeliaceae_sp.	Lecanoromycetes	Lichen-forming	N/A	1/12/23	CALGAY01
parmeliaceae.sp..23	GCA_937840635.1	Parmeliaceae_sp.	Parmeliaceae_sp.	Lecanoromycetes	Lichen-forming	N/A	1/12/23	CALGAZ01
parmeliaceae.sp..3	GCA_937858145.1	Parmeliaceae_sp.	Parmeliaceae_sp.	Lecanoromycetes	Lichen-forming	N/A	1/12/23	CALFGR01
parmeliaceae.sp..4	GCA_964257545.1	Parmeliaceae_sp.	Parmeliaceae_sp.	Lecanoromycetes	Lichen-forming	N/A	9/21/24	CAXVGG01
parmeliaceae.sp..5	GCA_937857945.1	Parmeliaceae_sp.	Parmeliaceae_sp.	Lecanoromycetes	Lichen-forming	N/A	1/12/23	CALFGK01
parmeliaceae.sp..6	GCA_937822895.1	Parmeliaceae_sp.	Parmeliaceae_sp.	Lecanoromycetes	Lichen-forming	N/A	1/12/23	CALGAX01
parmeliaceae.sp..7	GCA_937857925.1	Parmeliaceae_sp.	Parmeliaceae_sp.	Lecanoromycetes	Lichen-forming	N/A	1/12/23	CALEEN01
parmeliaceae.sp..8	GCA_964256295.1	Parmeliaceae_sp.	Parmeliaceae_sp.	Lecanoromycetes	Lichen-forming	N/A	9/21/24	CAXVBE01
parmeliaceae.sp..9	GCA_937849145.1	Parmeliaceae_sp.	Parmeliaceae_sp.	Lecanoromycetes	Lichen-forming	N/A	1/12/23	CALGBD01
parmotrema.austrosinense.1	GCA_964256935.1	Parmotrema_austrosinense	Parmotrema	Lecanoromycetes	Lichen-forming	N/A	9/21/24	CAXVDR01
parmotrema.cetratum.1	GCA_964257665.1	Parmotrema_cetratum	Parmotrema	Lecanoromycetes	Lichen-forming	N/A	9/21/24	CAXVGF01
parmotrema.diffractaicum.1	GCA_964255725.1	Parmotrema_diffractaicum	Parmotrema	Lecanoromycetes	Lichen-forming	N/A	9/21/24	CAXUYQ01
parmotrema.hypotropum.1	GCA_964254755.1	Parmotrema_hypotropum	Parmotrema	Lecanoromycetes	Lichen-forming	N/A	9/21/24	CAXUWD01
parmotrema.internexum.1	GCA_964255545.1	Parmotrema_internexum	Parmotrema	Lecanoromycetes	Lichen-forming	N/A	9/21/24	CAXUXY01
parmotrema.mellissii.1	GCA_964255255.1	Parmotrema_mellissii	Parmotrema	Lecanoromycetes	Lichen-forming	N/A	9/21/24	CAXUXR01
parmotrema.neotropicum.1	GCA_964257615.1	Parmotrema_neotropicum	Parmotrema	Lecanoromycetes	Lichen-forming	N/A	9/21/24	CAXVFT01
parmotrema.perlatum.1	GCA_964257535.1	Parmotrema_perlatum	Parmotrema	Lecanoromycetes	Lichen-forming	N/A	9/21/24	CAXVFX01
parmotrema.rampoddense.1	GCA_964254915.1	Parmotrema_rampoddense	Parmotrema	Lecanoromycetes	Lichen-forming	N/A	9/21/24	CAXUWF01
parmotrema.reticulatum.1	GCA_964257175.1	Parmotrema_reticulatum	Parmotrema	Lecanoromycetes	Lichen-forming	N/A	9/21/24	CAXVEN01
parmotrema.stuppeum.1	GCA_964255715.1	Parmotrema_stuppeum	Parmotrema	Lecanoromycetes	Lichen-forming	N/A	9/21/24	CAXUYO01
parmotrema.submarginale.1	GCA_964257635.1	Parmotrema_submarginale	Parmotrema	Lecanoromycetes	Lichen-forming	N/A	9/21/24	CAXVFW01
parmotrema.tinctorum.1	GCA_964257305.1	Parmotrema_tinctorum	Parmotrema	Lecanoromycetes	Lichen-forming	N/A	9/21/24	CAXVEX01
parmotrema.ultralucens.1	GCA_964257235.1	Parmotrema_ultralucens	Parmotrema	Lecanoromycetes	Lichen-forming	N/A	9/21/24	CAXVEO01
parmotrema.xanthinum.1	GCA_964256175.1	Parmotrema_xanthinum	Parmotrema	Lecanoromycetes	Lichen-forming	N/A	9/21/24	CAXVAD01
pectenia.cyanoloma.1	GCA_964254465.1	Pectenia_cyanoloma	Pectenia	Lecanoromycetes	Lichen-forming	N/A	9/21/24	CAXUUA01
pectenia.plumbea.1	GCA_964255295.1	Pectenia_plumbea	Pectenia	Lecanoromycetes	Lichen-forming	N/A	9/21/24	CAXUUB01
peltigera.aphthosa.1	GCA_964257115.1	Peltigera_aphthosa	Peltigera	Lecanoromycetes	Lichen-forming	N/A	9/21/24	CAXVES01
peltigera.dolichorrhiza.1	GCA_964257155.1	Peltigera_dolichorrhiza	Peltigera	Lecanoromycetes	Lichen-forming	N/A	9/21/24	CAXVEE01
peltigera.evansiana.1	GCA_964256605.1	Peltigera_evansiana	Peltigera	Lecanoromycetes	Lichen-forming	N/A	9/21/24	CAXVBZ01
peltigera.extenuata.1	GCA_964255975.1	Peltigera_extenuata	Peltigera	Lecanoromycetes	Lichen-forming	N/A	9/21/24	CAXUZV01
peltigera.hydrothyria.1	GCA_964256015.1	Peltigera_hydrothyria	Peltigera	Lecanoromycetes	Lichen-forming	N/A	9/21/24	CAXVAL01
peltigera.leucophlebia.1	GCA_022814155.1	Peltigera_leucophlebia	Peltigera	Lecanoromycetes	Lichen-forming	N/A	4/4/22	JALDZK01
peltigera.phyllidiosa.1	GCA_964256585.1	Peltigera_phyllidiosa	Peltigera	Lecanoromycetes	Lichen-forming	N/A	9/21/24	CAXVCI01
pertusaria.andersoniae.1	GCA_964254805.1	Pertusaria_andersoniae	Pertusaria	Lecanoromycetes	Lichen-forming	N/A	9/21/24	CAXUVW01
pertusaria.epixantha.1	GCA_964254645.1	Pertusaria_epixantha	Pertusaria	Lecanoromycetes	Lichen-forming	N/A	9/21/24	CAXUVB01
pertusaria.obruta.1	GCA_964256965.1	Pertusaria_obruta	Pertusaria	Lecanoromycetes	Lichen-forming	N/A	9/21/24	CAXVDG01
pertusaria.ostiolata.1	GCA_964255625.1	Pertusaria_ostiolata	Pertusaria	Lecanoromycetes	Lichen-forming	N/A	9/21/24	CAXUYD01
pertusaria.plittiana.1	GCA_964256485.1	Pertusaria_plittiana	Pertusaria	Lecanoromycetes	Lichen-forming	N/A	9/21/24	CAXVBQ01
pertusaria.propinqua.1	GCA_964255355.1	Pertusaria_propinqua	Pertusaria	Lecanoromycetes	Lichen-forming	N/A	9/21/24	CAXUVU01
pertusariales.sp..1	GCA_964254795.1	Pertusariales_sp.	Pertusariales_sp.	Lecanoromycetes	Lichen-forming	N/A	9/21/24	CAXUUP01
phaeophyscia.hispidula.1	GCA_964257555.1	Phaeophyscia_hispidula	Phaeophyscia	Lecanoromycetes	Lichen-forming	N/A	9/21/24	CAXVFI01
phaeophyscia.rubropulchra.1	GCA_964256345.1	Phaeophyscia_rubropulchra	Phaeophyscia	Lecanoromycetes	Lichen-forming	N/A	9/21/24	CAXVAW01
phaeophyscia.squarrosa.1	GCA_964255615.1	Phaeophyscia_squarrosa	Phaeophyscia	Lecanoromycetes	Lichen-forming	N/A	9/21/24	CAXUXV01
phlyctis.boliviensis.1	GCA_964256025.1	Phlyctis_boliviensis	Phlyctis	Lecanoromycetes	Lichen-forming	N/A	9/21/24	CAXUZZ01
phlyctis.petraea.1	GCA_964256925.1	Phlyctis_petraea	Phlyctis	Lecanoromycetes	Lichen-forming	N/A	9/21/24	CAXVCW01
phlyctis.speirea.1	GCA_964255155.1	Phlyctis_speirea	Phlyctis	Lecanoromycetes	Lichen-forming	N/A	9/21/24	CAXUVS01
phyllopsora.corallina.1	GCA_964256425.1	Phyllopsora_corallina	Phyllopsora	Lecanoromycetes	Lichen-forming	N/A	9/21/24	CAXVBK01
phyllopsora.parvifolia.1	GCA_964257265.1	Phyllopsora_parvifolia	Phyllopsora	Lecanoromycetes	Lichen-forming	N/A	9/21/24	CAXVEW01
physcia.biziana.1	GCA_964257135.1	Physcia_biziana	Physcia	Lecanoromycetes	Lichen-forming	N/A	9/21/24	CAXVDJ01
physcia.sp..1	GCA_937840595.1	Physcia_sp.	Physcia	Lecanoromycetes	Lichen-forming	N/A	1/12/23	CALGBB01
physcia.stellaris.1	GCA_018902385.1	Physcia_stellaris	Physcia	Lecanoromycetes	Lichen-forming	N/A	6/16/21	JABSSW01
physcia.stellaris.2	GCA_964256995.1	Physcia_stellaris	Physcia	Lecanoromycetes	Lichen-forming	N/A	9/21/24	CAXVDV01
physciaceae.sp..1	GCA_937854325.1	Physciaceae_sp.	Physciaceae_sp.	Lecanoromycetes	Lichen-forming	N/A	1/12/23	CALHDC01
physciaceae.sp..2	GCA_937857885.1	Physciaceae_sp.	Physciaceae_sp.	Lecanoromycetes	Lichen-forming	N/A	1/12/23	CALEEK01
physciaceae.sp..3	GCA_937857245.1	Physciaceae_sp.	Physciaceae_sp.	Lecanoromycetes	Lichen-forming	N/A	1/12/23	CALCMW01
physciaceae.sp..4	GCA_937857025.1	Physciaceae_sp.	Physciaceae_sp.	Lecanoromycetes	Lichen-forming	N/A	1/12/23	CALBWW01
physciaceae.sp..5	GCA_937858035.1	Physciaceae_sp.	Physciaceae_sp.	Lecanoromycetes	Lichen-forming	N/A	1/12/23	CAKZWZ01
physciella.chloantha.1	GCA_964257145.1	Physciella_chloantha	Physciella	Lecanoromycetes	Lichen-forming	N/A	9/21/24	CAXVDE01
pilophorus.fibula.1	GCA_964256335.1	Pilophorus_fibula	Pilophorus	Lecanoromycetes	Lichen-forming	N/A	9/21/24	CAXVAQ01
placynthium.petersii.1	GCA_964256885.1	Placynthium_petersii	Placynthium	Lecanoromycetes	Lichen-forming	N/A	9/21/24	CAXVCT01
platismatia.glauca.1	GCA_963556305.1	Platismatia_glauca	Platismatia	Lecanoromycetes	Lichen-forming	N/A	10/11/23	
platismatia.glauca.2	GCA_963556265.1	Platismatia_glauca	Platismatia	Lecanoromycetes	Lichen-forming	N/A	10/11/23	CAUVYW01
platismatia.glauca.3	GCA_964255145.1	Platismatia_glauca	Platismatia	Lecanoromycetes	Lichen-forming	N/A	9/21/24	CAXUTY01
platismatia.tuckermanii.1	GCA_964256155.1	Platismatia_tuckermanii	Platismatia	Lecanoromycetes	Lichen-forming	N/A	9/21/24	CAXVAC01
pleopsidium.flavum.1	GCA_026027315.1	Pleopsidium_flavum	Pleopsidium	Lecanoromycetes	Lichen-forming	N/A	11/7/22	JAPEUA01
polyblastidium.squamulosum.1	GCA_964257495.1	Polyblastidium_squamulosum	Polyblastidium	Lecanoromycetes	Lichen-forming	N/A	9/21/24	CAXVFG01
polycauliona.sp..1	GCA_051942425.1	Polycauliona_sp.	Polycauliona	Lecanoromycetes	Lichen-forming	N/A	8/12/25	JAVECB01
polycauliona.sp..2	GCA_051941665.1	Polycauliona_sp.	Polycauliona	Lecanoromycetes	Lichen-forming	N/A	8/12/25	JAVEAK01
porina.heterospora.1	GCA_964256445.1	Porina_heterospora	Porina	Lecanoromycetes	Lichen-forming	N/A	9/21/24	CAXVCA01
porpidia.albocaerulescens.1	GCA_964256365.1	Porpidia_albocaerulescens	Porpidia	Lecanoromycetes	Lichen-forming	N/A	9/21/24	CAXVAV01
porpidia.contraponenda.1	GCA_964254925.1	Porpidia_contraponenda	Porpidia	Lecanoromycetes	Lichen-forming	N/A	9/21/24	CAXUVY01
porpidia.crustulata.1	GCA_964255105.1	Porpidia_crustulata	Porpidia	Lecanoromycetes	Lichen-forming	N/A	9/21/24	CAXUWE01
porpidia.macrocarpa.1	GCA_964257605.1	Porpidia_macrocarpa	Porpidia	Lecanoromycetes	Lichen-forming	N/A	9/21/24	CAXVGD01
porpidia.subsimplex.1	GCA_964257625.1	Porpidia_subsimplex	Porpidia	Lecanoromycetes	Lichen-forming	N/A	9/21/24	CAXVFV01
protoblastenia.rupestris.1	GCA_964256915.1	Protoblastenia_rupestris	Protoblastenia	Lecanoromycetes	Lichen-forming	N/A	9/21/24	CAXVCR01
protoblastenia.rupestris.2	GCA_052058935.1	Protoblastenia_rupestris	Protoblastenia	Lecanoromycetes	Lichen-forming	N/A	8/15/25	JAVECP01
pseudephebe.minuscula.1	GCA_964255465.1	Pseudephebe_minuscula	Pseudephebe	Lecanoromycetes	Lichen-forming	N/A	9/21/24	CAXUVP01
pseudevernia.cladonia.1	GCA_964254705.1	Pseudevernia_cladonia	Pseudevernia	Lecanoromycetes	Lichen-forming	N/A	9/21/24	CAXUVF01
pseudevernia.consocians.1	GCA_051942225.1	Pseudevernia_consocians	Pseudevernia	Lecanoromycetes	Lichen-forming	N/A	8/12/25	JAVECM01
pseudevernia.furfuracea.1	GCA_022315165.1	Pseudevernia_furfuracea	Pseudevernia	Lecanoromycetes	Lichen-forming	N/A	2/17/22	JAIUPS01
pseudevernia.furfuracea.2	GCA_022315425.1	Pseudevernia_furfuracea	Pseudevernia	Lecanoromycetes	Lichen-forming	N/A	2/17/22	JAIUPT01
pseudevernia.furfuracea.3	GCA_003184345.1	Pseudevernia_furfuracea	Pseudevernia	Lecanoromycetes	Lichen-forming	N/A	9/21/24	CAXVDS01
pseudevernia.furfuracea.4	GCA_964256985.1	Pseudevernia_furfuracea	Pseudevernia	Lecanoromycetes	Lichen-forming	N/A	9/21/24	CAXVCZ01
pseudocyphellaria.aurata.1	GCA_022814125.1	Pseudocyphellaria_aurata	Pseudocyphellaria	Lecanoromycetes	Lichen-forming	N/A	4/4/22	JALDZL01
pseudosagedia.cestrensis.1	GCA_964257285.1	Pseudosagedia_cestrensis	Pseudosagedia	Lecanoromycetes	Lichen-forming	N/A	9/21/24	CAXVEY01
pseudosagedia.isidiata.1	GCA_964255805.1	Pseudosagedia_isidiata	Pseudosagedia	Lecanoromycetes	Lichen-forming	N/A	9/21/24	CAXUZD01
pseudosagedia.sp..1	GCA_964257195.1	Pseudosagedia_sp.	Pseudosagedia	Lecanoromycetes	Lichen-forming	N/A	9/21/24	CAXVEA01
psora.crenata.1	GCA_051942185.1	Psora_crenata	Psora	Lecanoromycetes	Lichen-forming	N/A	8/12/25	JAVECR01
psora.testacea.1	GCA_051942125.1	Psora_testacea	Psora	Lecanoromycetes	Lichen-forming	N/A	8/12/25	JAVECV01
ptychographa.xylographoides.1	GCA_022814105.1	Ptychographa_xylographoides	Ptychographa	Lecanoromycetes	Lichen-forming	N/A	4/4/22	JALDZM01
ptychographa.xylographoides.2	GCA_964257075.1	Ptychographa_xylographoides	Ptychographa	Lecanoromycetes	Lichen-forming	N/A	9/21/24	CAXVDK01
punctelia.appalachensis.1	GCA_964256225.1	Punctelia_appalachensis	Punctelia	Lecanoromycetes	Lichen-forming	N/A	9/21/24	CAXVAH01
punctelia.caseana.1	GCA_964254955.1	Punctelia_caseana	Punctelia	Lecanoromycetes	Lichen-forming	N/A	9/21/24	CAXUTU01
puttea.exsequens.1	GCA_022814085.1	Puttea_exsequens	Puttea	Lecanoromycetes	Lichen-forming	N/A	4/4/22	JALDZM01
puttea.exsequens.2	GCA_964257365.1	Puttea_exsequens	Puttea	Lecanoromycetes	Lichen-forming	N/A	9/21/24	CAXVEH01
pyrenodesmia.sp..1	GCA_051941895.1	Pyrenodesmia_sp.	Pyrenodesmia	Lecanoromycetes	Lichen-forming	N/A	8/12/25	JAVEBS01
pyrenodesmia.sp..2	GCA_051941465.1	Pyrenodesmia_sp.	Pyrenodesmia	Lecanoromycetes	Lichen-forming	N/A	8/12/25	JAVEAV01
pyrrhospora.varians.1	GCA_964256375.1	Pyrrhospora_varians	Pyrrhospora	Lecanoromycetes	Lichen-forming	N/A	9/21/24	CAXVBL01
pyxine.sorediata.1	GCA_964255475.1	Pyxine_sorediata	Pyxine	Lecanoromycetes	Lichen-forming	N/A	9/21/24	CAXUWU01
ramalina.americana.1	GCA_964254555.1	Ramalina_americana	Ramalina	Lecanoromycetes	Lichen-forming	N/A	9/21/24	CAXUUH01
ramalina.culbersoniorum.1	GCA_964255135.1	Ramalina_culbersoniorum	Ramalina	Lecanoromycetes	Lichen-forming	N/A	9/21/24	CAXUVA01
ramalina.farinacea.1	GCA_029948375.1	Ramalina_farinacea	Ramalina	Lecanoromycetes	Lichen-forming	N/A	5/4/23	JAPUFD01
ramalina.intermedia.1	GCA_003073195.1	Ramalina_intermedia	Ramalina	Lecanoromycetes	Lichen-forming	N/A	4/26/18	PEKF01
ramalina.menziesii.1	GCA_964254825.1	Ramalina_menziesii	Ramalina	Lecanoromycetes	Lichen-forming	N/A	9/21/24	CAXUTX01
ramalina.peruviana.1	GCA_001956345.1	Ramalina_peruviana	Ramalina	Lecanoromycetes	Lichen-forming	N/A	1/18/17	MSTJ01
ramalina.petrina.1	GCA_964257245.1	Ramalina_petrina	Ramalina	Lecanoromycetes	Lichen-forming	N/A	9/21/24	CAXVEF01
ramalina.siliquosa.1	GCA_965218175.1	Ramalina_siliquosa	Ramalina	Lecanoromycetes	Lichen-forming	N/A	3/23/25	CBDCKL01
ramalina.thrausta.1	GCA_964257405.1	Ramalina_thrausta	Ramalina	Lecanoromycetes	Lichen-forming	N/A	9/21/24	CAXVEP01
ramalinaceae.sp..1	GCA_964256575.1	Ramalinaceae_sp.	Ramalinaceae_sp.	Lecanoromycetes	Lichen-forming	N/A	9/21/24	CAXVBM01
rhizocarpon.geographicum.1	GCA_964257585.1	Rhizocarpon_geographicum	Rhizocarpon	Lecanoromycetes	Lichen-forming	N/A	9/21/24	CAXVFU01
rhizocarpon.subgeminatum.1	GCA_964255705.1	Rhizocarpon_subgeminatum	Rhizocarpon	Lecanoromycetes	Lichen-forming	N/A	9/21/24	CAXUYP01
rinodina.dolichospora.1	GCA_964257455.1	Rinodina_dolichospora	Rinodina	Lecanoromycetes	Lichen-forming	N/A	9/21/24	CAXVFQ01
rinodina.sp..1	GCA_964256615.1	Rinodina_sp.	Rinodina	Lecanoromycetes	Lichen-forming	N/A	9/21/24	CAXVBF01
rinodina.tephraspis.1	GCA_964254855.1	Rinodina_tephraspis	Rinodina	Lecanoromycetes	Lichen-forming	N/A	9/21/24	CAXUXU01
rusavskia.elegans.1	GCA_011316305.1	Rusavskia_elegans	Rusavskia	Lecanoromycetes	Lichen-forming	N/A	3/16/20	SAUG01
rusavskia.elegans.2	GCA_051941435.1	Rusavskia_elegans	Rusavskia	Lecanoromycetes	Lichen-forming	N/A	8/12/25	JAVEAW01
schaereria.dolodes.1	GCA_964255955.1	Schaereria_dolodes	Schaereria	Lecanoromycetes	Lichen-forming	N/A	9/21/24	CAXUZA01
schaereria.dolodes.2	GCA_022814065.1	Schaereria_dolodes	Schaereria	Lecanoromycetes	Lichen-forming	N/A	4/4/22	JALDZO01
seirophora.lacunosa.1	GCA_023645825.1	Seirophora_lacunosa	Seirophora	Lecanoromycetes	Lichen-forming	N/A	6/2/22	JALAHX01
seirophora.lacunosa.2	GCA_023646185.1	Seirophora_lacunosa	Seirophora	Lecanoromycetes	Lichen-forming	N/A	6/2/22	JALAIF01
seirophora.lacunosa.3	GCA_051942285.1	Seirophora_lacunosa	Seirophora	Lecanoromycetes	Lichen-forming	N/A	8/12/25	JAVECJ01
seirophora.scorigena.1	GCA_051942365.1	Seirophora_scorigena	Seirophora	Lecanoromycetes	Lichen-forming	N/A	8/12/25	JAVECE01
seirophora.villosa.1	GCA_023645815.1	Seirophora_villosa	Seirophora	Lecanoromycetes	Lichen-forming	N/A	6/2/22	JALAHY01
seirophora.villosa.2	GCA_051941785.1	Seirophora_villosa	Seirophora	Lecanoromycetes	Lichen-forming	N/A	8/12/25	JAVEBX01
solorina.crocea.1	GCA_964257125.1	Solorina_crocea	Solorina	Lecanoromycetes	Lichen-forming	N/A	9/21/24	CAXVEC01
squamulea.sp..1	GCA_051941405.1	Squamulea_sp.	Squamulea	Lecanoromycetes	Lichen-forming	N/A	8/12/25	JAVEAZ01
squamulea.squamosa.1	GCA_051941385.1	Squamulea_squamosa	Squamulea	Lecanoromycetes	Lichen-forming	N/A	8/12/25	JAVEBA01
stereocaulon.alpinum.1	GCA_018257865.1	Stereocaulon_alpinum	Stereocaulon	Lecanoromycetes	Lichen-forming	N/A	5/4/21	JAEUBA01
stereocaulon.dactylophyllum.1	GCA_964254575.1	Stereocaulon_dactylophyllum	Stereocaulon	Lecanoromycetes	Lichen-forming	N/A	9/21/24	CAXUUX01
stereocaulon.virgatum.1	GCA_042464655.1	Stereocaulon_virgatum	Stereocaulon	Lecanoromycetes	Lichen-forming	N/A	9/30/24	JBEFKJ01
sticta.canariensis.1	GCA_022814045.1	Sticta_canariensis	Sticta	Lecanoromycetes	Lichen-forming	N/A	4/4/22	JALDZP01
sticta.sp..1	GCA_964254715.1	Sticta_sp.	Sticta	Lecanoromycetes	Lichen-forming	N/A	9/21/24	CAXUWN01
stictis.urceolata.1	GCA_022814025.1	Stictis_urceolata	Stictis	Lecanoromycetes	Lichen-forming	N/A	4/4/22	JALDZQ01
stictis.urceolata.2	GCA_964257505.1	Stictis_urceolata	Stictis	Lecanoromycetes	Lichen-forming	N/A	9/21/24	CAXVFL01
sulcaria.badia.1	GCA_964257055.1	Sulcaria_badia	Sulcaria	Lecanoromycetes	Lichen-forming	N/A	9/21/24	CAXVDM01
teloschistales.sp..1	GCA_964255085.1	Teloschistales_sp.	Teloschistales_sp.	Lecanoromycetes	Lichen-forming	N/A	9/21/24	CAXUVJ01
teloschistes.chrysophthalmus.1	GCA_023646055.1	Teloschistes_chrysophthalmus	Teloschistes	Lecanoromycetes	Lichen-forming	N/A	6/2/22	JALAIL01
teloschistes.chrysophthalmus.2	GCA_051940965.1	Teloschistes_chrysophthalmus	Teloschistes	Lecanoromycetes	Lichen-forming	N/A	8/12/25	JAVEAD01
teloschistes.exilis.1	GCA_052059115.1	Teloschistes_exilis	Teloschistes	Lecanoromycetes	Lichen-forming	N/A	8/15/25	JAVEAI01
teloschistes.exilis.2	GCA_051941425.1	Teloschistes_exilis	Teloschistes	Lecanoromycetes	Lichen-forming	N/A	8/12/25	JAVEAX01
teloschistes.exilis.3	GCA_051940905.1	Teloschistes_exilis	Teloschistes	Lecanoromycetes	Lichen-forming	N/A	8/12/25	JAVEAE01
teloschistes.flavicans.1	GCA_051941685.1	Teloschistes_flavicans	Teloschistes	Lecanoromycetes	Lichen-forming	N/A	8/12/25	JAVEAJ01
teloschistes.flavicans.2	GCA_023646325.1	Teloschistes_flavicans	Teloschistes	Lecanoromycetes	Lichen-forming	N/A	6/2/22	JALAIQ01
teloschistes.hypoglaucus.1	GCA_052059135.1	Teloschistes_hypoglaucus	Teloschistes	Lecanoromycetes	Lichen-forming	N/A	8/15/25	JAVEAH01
teloschistes.peruensis.1	GCA_023645835.1	Teloschistes_peruensis	Teloschistes	Lecanoromycetes	Lichen-forming	N/A	6/2/22	JALAHW01
thelotrema.defectum.1	GCA_964257675.1	Thelotrema_defectum	Thelotrema	Lecanoromycetes	Lichen-forming	N/A	9/21/24	CAXVFP01
thelotrema.lepadinum.1	GCA_022813995.1	Thelotrema_lepadinum	Thelotrema	Lecanoromycetes	Lichen-forming	N/A	4/4/22	JALDZR01
thelotrema.lepadinum.2	GCA_964257395.1	Thelotrema_lepadinum	Thelotrema	Lecanoromycetes	Lichen-forming	N/A	9/21/24	CAXVET01
thelotrema.subtile.1	GCA_964256685.1	Thelotrema_subtile	Thelotrema	Lecanoromycetes	Lichen-forming	N/A	9/21/24	CAXVBY01
toensbergia.leucococca.1	GCA_022813965.1	Toensbergia_leucococca	Toensbergia	Lecanoromycetes	Lichen-forming	N/A	4/4/22	JALDZS01
toensbergia.leucococca.2	GCA_964255925.1	Toensbergia_leucococca	Toensbergia	Lecanoromycetes	Lichen-forming	N/A	9/21/24	CAXUZM01
toniniopsis.dissimilis.1	GCA_043520055.1	Toniniopsis_dissimilis	Toniniopsis	Lecanoromycetes	Lichen-forming	N/A	10/21/24	JBGRPS01
trapelia.coarctata.1	GCA_022813945.1	Trapelia_coarctata	Trapelia	Lecanoromycetes	Lichen-forming	N/A	4/4/22	JALDZT01
trapelia.coarctata.2	GCA_964256815.1	Trapelia_coarctata	Trapelia	Lecanoromycetes	Lichen-forming	N/A	9/21/24	CAXVCH01
trapeliopsis.flexuosa.1	GCA_964254545.1	Trapeliopsis_flexuosa	Trapeliopsis	Lecanoromycetes	Lichen-forming	N/A	9/21/24	CAXUUY01
tuckermannopsis.ciliaris.1	GCA_964255215.1	Tuckermannopsis_ciliaris	Tuckermannopsis	Lecanoromycetes	Lichen-forming	N/A	9/21/24	CAXUVQ01
umbilicaria.americana.1	GCA_964255515.1	Umbilicaria_americana	Umbilicaria	Lecanoromycetes	Lichen-forming	N/A	9/21/24	CAXUVK01
umbilicaria.crustulosa.1	GCA_053478165.1	Umbilicaria_crustulosa	Umbilicaria	Lecanoromycetes	Lichen-forming	N/A	11/14/25	JBNORC01
umbilicaria.crustulosa.2	GCA_053478185.1	Umbilicaria_crustulosa	Umbilicaria	Lecanoromycetes	Lichen-forming	N/A	11/14/25	JBNORB01
umbilicaria.crustulosa.3	GCA_053478205.1	Umbilicaria_crustulosa	Umbilicaria	Lecanoromycetes	Lichen-forming	N/A	11/14/25	JBNORA01
umbilicaria.deusta.1	GCA_023184635.1	Umbilicaria_deusta	Umbilicaria	Lecanoromycetes	Lichen-forming	N/A	4/29/22	JALILR01
umbilicaria.deusta.2	GCA_053478105.1	Umbilicaria_deusta	Umbilicaria	Lecanoromycetes	Lichen-forming	N/A	11/14/25	JBNORE01
umbilicaria.deusta.3	GCA_053478145.1	Umbilicaria_deusta	Umbilicaria	Lecanoromycetes	Lichen-forming	N/A	11/14/25	JBNORD01
umbilicaria.deusta.4	GCA_964340765.1	Umbilicaria_deusta	Umbilicaria	Lecanoromycetes	Lichen-forming	N/A	11/18/24	CAYFAF01
umbilicaria.deusta.5	GCA_964340595.1	Umbilicaria_deusta	Umbilicaria	Lecanoromycetes	Lichen-forming	N/A	11/18/24	CAYFAE01
umbilicaria.freyi.1	GCA_023184675.1	Umbilicaria_freyi	Umbilicaria	Lecanoromycetes	Lichen-forming	N/A	4/29/22	JALILQ01
umbilicaria.freyi.2	GCA_053478085.1	Umbilicaria_freyi	Umbilicaria	Lecanoromycetes	Lichen-forming	N/A	11/14/25	JBNORG01
umbilicaria.freyi.3	GCA_053478125.1	Umbilicaria_freyi	Umbilicaria	Lecanoromycetes	Lichen-forming	N/A	11/14/25	JBNORF01
umbilicaria.grisea.1	GCA_023184595.1	Umbilicaria_grisea	Umbilicaria	Lecanoromycetes	Lichen-forming	N/A	4/29/22	JALILX01
umbilicaria.grisea.2	GCA_053477165.1	Umbilicaria_grisea	Umbilicaria	Lecanoromycetes	Lichen-forming	N/A	11/14/25	JBNORI01
umbilicaria.grisea.3	GCA_053478065.1	Umbilicaria_grisea	Umbilicaria	Lecanoromycetes	Lichen-forming	N/A	11/14/25	JBNORH01
umbilicaria.hispanica.1	GCA_023184715.1	Umbilicaria_hispanica	Umbilicaria	Lecanoromycetes	Lichen-forming	N/A	4/29/22	JALILS01
umbilicaria.hispanica.2	GCA_053478025.1	Umbilicaria_hispanica	Umbilicaria	Lecanoromycetes	Lichen-forming	N/A	11/14/25	JBNORK01
umbilicaria.hispanica.3	GCA_053478045.1	Umbilicaria_hispanica	Umbilicaria	Lecanoromycetes	Lichen-forming	N/A	11/14/25	JBNORJ01
umbilicaria.hispanica.4	GCA_003254425.1	Umbilicaria_hispanica	Umbilicaria	Lecanoromycetes	Lichen-forming	N/A	6/18/18	PKMA01
umbilicaria.iberica.1	GCA_053477965.1	Umbilicaria_iberica	Umbilicaria	Lecanoromycetes	Lichen-forming	N/A	11/14/25	JBNORN01
umbilicaria.iberica.2	GCA_053477985.1	Umbilicaria_iberica	Umbilicaria	Lecanoromycetes	Lichen-forming	N/A	11/14/25	JBNORM01
umbilicaria.iberica.3	GCA_053478005.1	Umbilicaria_iberica	Umbilicaria	Lecanoromycetes	Lichen-forming	N/A	11/14/25	JBNORL01
umbilicaria.mammulata.1	GCA_964255095.1	Umbilicaria_mammulata	Umbilicaria	Lecanoromycetes	Lichen-forming	N/A	9/21/24	CAXUVM01
umbilicaria.muhlenbergii.1	GCA_000611775.1	Umbilicaria_muhlenbergii	Umbilicaria	Lecanoromycetes	Lichen-forming	N/A	4/2/14	JFDN01
umbilicaria.nylanderiana.1	GCA_053477925.1	Umbilicaria_nylanderiana	Umbilicaria	Lecanoromycetes	Lichen-forming	N/A	11/14/25	JBNORP01
umbilicaria.nylanderiana.2	GCA_053477945.1	Umbilicaria_nylanderiana	Umbilicaria	Lecanoromycetes	Lichen-forming	N/A	11/14/25	JBNORO01
umbilicaria.phaea.1	GCA_023184695.1	Umbilicaria_phaea	Umbilicaria	Lecanoromycetes	Lichen-forming	N/A	4/29/22	JALILT01
umbilicaria.phaea.2	GCA_053477885.1	Umbilicaria_phaea	Umbilicaria	Lecanoromycetes	Lichen-forming	N/A	11/14/25	JBNORQ01
umbilicaria.phaea.3	GCA_053477905.1	Umbilicaria_phaea	Umbilicaria	Lecanoromycetes	Lichen-forming	N/A	11/14/25	JBNORR01
umbilicaria.polyphylla.1	GCA_053477805.1	Umbilicaria_polyphylla	Umbilicaria	Lecanoromycetes	Lichen-forming	N/A	11/14/25	JBNORV01
umbilicaria.polyphylla.2	GCA_053477825.1	Umbilicaria_polyphylla	Umbilicaria	Lecanoromycetes	Lichen-forming	N/A	11/14/25	JBNORS01
umbilicaria.polyphylla.3	GCA_053477845.1	Umbilicaria_polyphylla	Umbilicaria	Lecanoromycetes	Lichen-forming	N/A	11/14/25	JBNORU01
umbilicaria.polyphylla.4	GCA_053477865.1	Umbilicaria_polyphylla	Umbilicaria	Lecanoromycetes	Lichen-forming	N/A	11/14/25	JBNORT01
umbilicaria.spodochroa.1	GCA_023184705.1	Umbilicaria_spodochroa	Umbilicaria	Lecanoromycetes	Lichen-forming	N/A	4/29/22	JALILV01
umbilicaria.spodochroa.2	GCA_053477155.1	Umbilicaria_spodochroa	Umbilicaria	Lecanoromycetes	Lichen-forming	N/A	11/14/25	JBNOSA01
umbilicaria.spodochroa.3	GCA_053477705.1	Umbilicaria_spodochroa	Umbilicaria	Lecanoromycetes	Lichen-forming	N/A	11/14/25	JBNORZ01
umbilicaria.spodochroa.4	GCA_053477745.1	Umbilicaria_spodochroa	Umbilicaria	Lecanoromycetes	Lichen-forming	N/A	11/14/25	JBNORY01
umbilicaria.subpolyphylla.1	GCA_023184615.1	Umbilicaria_subpolyphylla	Umbilicaria	Lecanoromycetes	Lichen-forming	N/A	4/29/22	JALILW01
umbilicaria.vellea.1	GCA_023645895.1	Umbilicaria_vellea	Umbilicaria	Lecanoromycetes	Lichen-forming	N/A	6/2/22	JALAID01
usnea.aurantiacoatra.1	GCA_964256655.1	Usnea_aurantiacoatra	Usnea	Lecanoromycetes	Lichen-forming	N/A	9/21/24	CAXVEB01
usnea.cavernosa.1	GCA_964255125.1	Usnea_cavernosa	Usnea	Lecanoromycetes	Lichen-forming	N/A	9/21/24	CAXUUF01
usnea.ceratina.1	GCA_964256075.1	Usnea_ceratina	Usnea	Lecanoromycetes	Lichen-forming	N/A	9/21/24	CAXUZW01
usnea.ceratina.2	GCA_964257515.1	Usnea_ceratina	Usnea	Lecanoromycetes	Lichen-forming	N/A	9/21/24	CAXVFM01
usnea.cornuta.1	GCA_964256645.1	Usnea_cornuta	Usnea	Lecanoromycetes	Lichen-forming	N/A	9/21/24	CAXVDP01
usnea.florida.1	GCA_052784015.1	Usnea_florida	Usnea	Lecanoromycetes	Lichen-forming	N/A	4/4/22	JALEAC01
usnea.hakonensis.1	GCA_013423325.1	Usnea_hakonensis	Usnea	Lecanoromycetes	Lichen-forming	N/A	7/13/20	BLJB01
usnea.halei.1	GCA_964255035.1	Usnea_halei	Usnea	Lecanoromycetes	Lichen-forming	N/A	9/21/24	CAXUVX01
usnea.merrillii.1	GCA_964255025.1	Usnea_merrillii	Usnea	Lecanoromycetes	Lichen-forming	N/A	9/21/24	CAXUXB01
usnea.mutabilis.1	GCA_964257655.1	Usnea_mutabilis	Usnea	Lecanoromycetes	Lichen-forming	N/A	9/21/24	CAXVFR01
usnea.strigosa.1	GCA_964254745.1	Usnea_strigosa	Usnea	Lecanoromycetes	Lichen-forming	N/A	9/21/24	CAXUWL01
usnea.subfusca.1	GCA_964256035.1	Usnea_subfusca	Usnea	Lecanoromycetes	Lichen-forming	N/A	9/21/24	CAXVAB01
usnea.subgracilis.1	GCA_964255225.1	Usnea_subgracilis	Usnea	Lecanoromycetes	Lichen-forming	N/A	9/21/24	CAXUYA01
usnea.subscabrosa.1	GCA_964254585.1	Usnea_subscabrosa	Usnea	Lecanoromycetes	Lichen-forming	N/A	9/21/24	CAXUWV01
usnocetraria.oakesiana.1	GCA_964254695.1	Usnocetraria_oakesiana	Usnocetraria	Lecanoromycetes	Lichen-forming	N/A	9/21/24	CAXUXA01
usnochroma.carphineum.1	GCA_023645975.1	Usnochroma_carphineum	Usnochroma	Lecanoromycetes	Lichen-forming	N/A	6/2/22	JALAHV01
varicellaria.rhodocarpa.1	GCA_022813925.1	Varicellaria_rhodocarpa	Varicellaria	Lecanoromycetes	Lichen-forming	N/A	4/4/22	JALDZU01
varicellaria.rhodocarpa.2	GCA_964255865.1	Varicellaria_rhodocarpa	Varicellaria	Lecanoromycetes	Lichen-forming	N/A	9/21/24	CAXUYX01
variospora.aurantia.1	GCA_023645955.1	Variospora_aurantia	Variospora	Lecanoromycetes	Lichen-forming	N/A	6/2/22	JALAHZ01
variospora.flavescens.1	GCA_051942445.1	Variospora_flavescens	Variospora	Lecanoromycetes	Lichen-forming	N/A	8/12/25	JAVECA01
variospora.fuerteventurae.1	GCA_051941765.1	Variospora_fuerteventurae	Variospora	Lecanoromycetes	Lichen-forming	N/A	8/12/25	JAVEBY01
variospora.sp..1	GCA_051942325.1	Variospora_sp.	Variospora	Lecanoromycetes	Lichen-forming	N/A	8/12/25	JAVECF01
variospora.velana.1	GCA_051941705.1	Variospora_velana	Variospora	Lecanoromycetes	Lichen-forming	N/A	8/12/25	JAVEAG01
villophora.microphyllina.1	GCA_051941605.1	Villophora_microphyllina	Villophora	Lecanoromycetes	Lichen-forming	N/A	8/12/25	JAVEAN01
vulpicida.juniperinus.1	GCA_964255425.1	Vulpicida_juniperinus	Vulpicida	Lecanoromycetes	Lichen-forming	N/A	9/21/24	CAXUTW01
wetmoreana.brouardii.1	GCA_051941545.1	Wetmoreana_brouardii	Wetmoreana	Lecanoromycetes	Lichen-forming	N/A	8/12/25	JAVEAS01
wetmoreana.sp..1	GCA_052059095.1	Wetmoreana_sp.	Wetmoreana	Lecanoromycetes	Lichen-forming	N/A	8/15/25	JAVEAP01
xanthocarpia.feracissima.1	GCA_964255735.1	Xanthocarpia_feracissima	Xanthocarpia	Lecanoromycetes	Lichen-forming	N/A	9/21/24	CAXUYH01
xanthocarpia.lactea.1	GCA_051941915.1	Xanthocarpia_lactea	Xanthocarpia	Lecanoromycetes	Lichen-forming	N/A	8/12/25	JAVEBR01
xanthocarpia.ochracea.1	GCA_051941935.1	Xanthocarpia_ochracea	Xanthocarpia	Lecanoromycetes	Lichen-forming	N/A	8/12/25	JAVEBQ01
xanthomendoza.sp..1	GCA_051941585.1	Xanthomendoza_sp.	Xanthomendoza	Lecanoromycetes	Lichen-forming	N/A	8/12/25	JAVEAM01
xanthomendoza.sp..2	GCA_051941345.1	Xanthomendoza_sp.	Xanthomendoza	Lecanoromycetes	Lichen-forming	N/A	8/12/25	JAVEBC01
xanthoparmelia.plittii.1	GCA_964256595.1	Xanthoparmelia_plittii	Xanthoparmelia	Lecanoromycetes	Lichen-forming	N/A	9/21/24	CAXVBC01
xanthoparmelia.taractica.1	GCA_033085395.1	Xanthoparmelia_taractica	Xanthoparmelia	Lecanoromycetes	Lichen-forming	N/A	10/16/23	JANQBS01
xanthoparmelia.tasmanica.1	GCA_964256055.1	Xanthoparmelia_tasmanica	Xanthoparmelia	Lecanoromycetes	Lichen-forming	N/A	9/21/24	CAXVCK01
xanthoparmelia.verrucella.1	GCA_964256005.1	Xanthoparmelia_verrucella	Xanthoparmelia	Lecanoromycetes	Lichen-forming	N/A	9/21/24	CAXUZO01
xanthoria.aureola.1	GCA_023646375.1	Xanthoria_aureola	Xanthoria	Lecanoromycetes	Lichen-forming	N/A	6/2/22	JALAII01
xanthoria.calcicola.1	GCA_976602755.1	Xanthoria_calcicola	Xanthoria	Lecanoromycetes	Lichen-forming	N/A	11/28/25	CDPLEE01
xanthoria.mediterranea.1	GCA_023645845.1	Xanthoria_mediterranea	Xanthoria	Lecanoromycetes	Lichen-forming	N/A	6/2/22	JALAIA01
xanthoria.parietina.1	GCA_964263705.1	Xanthoria_parietina	Xanthoria	Lecanoromycetes	Lichen-forming	N/A	9/15/24	CAXVWH01
xanthoria.parietina.2	GCA_964656405.1	Xanthoria_parietina	Xanthoria	Lecanoromycetes	Lichen-forming	N/A	1/2/25	CAZZRQ01
xanthoria.sp..1	GCA_023647215.1	Xanthoria_sp.	Xanthoria	Lecanoromycetes	Lichen-forming	N/A	6/3/22	JALAIR01
xanthoria.sp..2	GCA_023646395.1	Xanthoria_sp.	Xanthoria	Lecanoromycetes	Lichen-forming	N/A	6/2/22	JALAIM01
xanthoria.steineri.1	GCA_023646075.1	Xanthoria_steineri	Xanthoria	Lecanoromycetes	Lichen-forming	N/A	6/2/22	JALAIK01
xylographa.bjoerkii.1	GCA_022813905.1	Xylographa_bjoerkii	Xylographa	Lecanoromycetes	Lichen-forming	N/A	4/4/22	JALDZV01
xylographa.carneopallida.1	GCA_022813885.1	Xylographa_carneopallida	Xylographa	Lecanoromycetes	Lichen-forming	N/A	4/4/22	JALDZW01
xylographa.carneopallida.2	GCA_964255915.1	Xylographa_carneopallida	Xylographa	Lecanoromycetes	Lichen-forming	N/A	9/21/24	CAXUYT01
xylographa.opegraphella.1	GCA_022813865.1	Xylographa_opegraphella	Xylographa	Lecanoromycetes	Lichen-forming	N/A	4/4/22	JALDZX01
xylographa.pallens.1	GCA_022813845.1	Xylographa_pallens	Xylographa	Lecanoromycetes	Lichen-forming	N/A	4/4/22	JALDZY01
xylographa.parallela.1	GCA_022813825.1	Xylographa_parallela	Xylographa	Lecanoromycetes	Lichen-forming	N/A	4/4/22	JALDZZ01
xylographa.soralifera.1	GCA_022813805.1	Xylographa_soralifera	Xylographa	Lecanoromycetes	Lichen-forming	N/A	4/4/22	JALEAA01
xylographa.trunciseda.1	GCA_022813785.1	Xylographa_trunciseda	Xylographa	Lecanoromycetes	Lichen-forming	N/A	4/4/22	JALEAB01
xylographa.trunciseda.2	GCA_964255115.1	Xylographa_trunciseda	Xylographa	Lecanoromycetes	Lichen-forming	N/A	9/21/24	CAXUVE01
xylographa.vitiligo.1	GCA_022813765.1	Xylographa_vitiligo	Xylographa	Lecanoromycetes	Lichen-forming	N/A	4/4/22	JALEAC01
xylographa.vitiligo.2	GCA_964256195.1	Xylographa_vitiligo	Xylographa	Lecanoromycetes	Lichen-forming	N/A	9/21/24	CAXUZQ01
xylographa.vitiligo.3	GCA_964256275.1	Xylographa_vitiligo	Xylographa	Lecanoromycetes	Lichen-forming	N/A	9/21/24	CAXVBN01